"","locations.lon","locations.lat"
"1",-81.5157535,27.6648274
"2",-77.1945247,41.2033216
"3",-99.1495107,19.4356338
"4",-99.1495107,19.4356338
"5",-82.4427769,8.4007278
"6",-99.1495107,19.4356338
"7",-71.542969,-35.675147
"8",-99.1495107,19.4356338
"9",NA,NA
"10",-99.133208,19.4326077
"11",-106.346771,56.130366
"12",-115.1398296,36.1699412
"13",-78.8732202,34.150434
"14",NA,NA
"15",NA,NA
"16",NA,NA
"17",-95.712891,37.09024
"18",-112.0740373,33.4483771
"19",-78.6381787,35.7795897
"20",NA,NA
"21",-119.4179324,36.778261
"22",-71.0588801,42.3600825
"23",-71.542969,-35.675147
"24",-95.712891,37.09024
"25",-97.4974838,25.9017472
"26",-95.712891,37.09024
"27",-115.1398296,36.1699412
"28",NA,NA
"29",NA,NA
"30",-122.4194155,37.7749295
"31",NA,NA
"32",-82.9376804,39.9689532
"33",-84.3424447,33.7711524
"34",-97.856109,27.5158689
"35",NA,NA
"36",-71.0588801,42.3600825
"37",-81.5157535,27.6648274
"38",-117.8311428,33.7174708
"39",12.453389,41.902916
"40",-90.0489801,35.1495343
"41",NA,NA
"42",NA,NA
"43",-116.419389,34.9592083
"44",140.1210169,37.0197314
"45",-81.1637245,33.836081
"46",-88.9936873,40.4842027
"47",-99.9018131,31.9685988
"48",NA,NA
"49",NA,NA
"50",NA,NA
"51",-71.252345,42.427103
"52",-83.2732627,42.3369816
"53",-84.3278899,33.8167203
"54",NA,NA
"55",-71.0588801,42.3600825
"56",NA,NA
"57",NA,NA
"58",NA,NA
"59",-83.0457538,42.331427
"60",-111.9260519,33.4941704
"61",-78.6381787,35.7795897
"62",NA,NA
"63",NA,NA
"64",-90.230759,15.783471
"65",-79.3831843,43.653226
"66",-80.2561981,39.2864787
"67",NA,NA
"68",-74.0059413,40.7127837
"69",NA,NA
"70",NA,NA
"71",-79.532157,43.8169837
"72",NA,NA
"73",-123.9695657,45.4605229
"74",-121.4943996,38.5815719
"75",-74.0059413,40.7127837
"76",-87.6297982,41.8781136
"77",-80.4549026,38.5976262
"78",NA,NA
"79",-96.8236116,33.1506744
"80",-77.9155395,35.7212689
"81",-85.5800022,42.2011538
"82",-84.3879824,33.7489954
"83",-84.3879824,33.7489954
"84",-102.4107493,34.2331373
"85",-74.0059413,40.7127837
"86",-95.712891,37.09024
"87",NA,NA
"88",-83.9811014,34.1140497
"89",NA,NA
"90",NA,NA
"91",NA,NA
"92",NA,NA
"93",2.3522219,48.856614
"94",NA,NA
"95",-81.6528219,41.4924631
"96",-119.4179324,36.778261
"97",NA,NA
"98",-73.087749,41.6032207
"99",114.939821,4.9030522
"100",NA,NA
"101",NA,NA
"102",-157.8583333,21.3069444
"103",-82.7495829,27.7386769
"104",NA,NA
"105",NA,NA
"106",-77.0947092,38.984652
"107",-87.6297982,41.8781136
"108",-78.3534145,37.8431142
"109",72.8776559,19.0759837
"110",88.6241351,24.3635886
"111",-122.2928974,47.1853785
"112",-81.9320482,34.9495672
"113",-77.2190849,38.9322456
"114",-149.5680499,61.3293186
"115",-80.003098,40.448
"116",77.6073462,12.9724816
"117",-70.162651,18.735693
"118",NA,NA
"119",NA,NA
"120",NA,NA
"121",-84.3879824,33.7489954
"122",-71.1550451,41.7014912
"123",-77.2190849,38.9322456
"124",-72.6655757,41.6572525
"125",-115.1398296,36.1699412
"126",NA,NA
"127",-74.0059413,40.7127837
"128",-81.8603778,30.0688512
"129",-90.0489801,35.1495343
"130",-111.0937311,34.0489281
"131",-78.6568942,37.4315734
"132",-94.7151865,39.0228485
"133",-75.5397878,39.7390721
"134",NA,NA
"135",NA,NA
"136",-102.552784,23.634501
"137",NA,NA
"138",-70.6692655,-33.4488897
"139",-79.7919754,36.0726354
"140",NA,NA
"141",NA,NA
"142",NA,NA
"143",-71.8022955,42.5834228
"144",-86.902298,32.3182314
"145",NA,NA
"146",-80.1917902,25.7616798
"147",-96.6397822,33.1972465
"148",NA,NA
"149",-84.2700179,37.8393332
"150",NA,NA
"151",-47.3798391,-22.3604911
"152",NA,NA
"153",-98.4936282,29.4241219
"154",-99.9018131,31.9685988
"155",-74.0716106,4.6019897
"156",NA,NA
"157",NA,NA
"158",-66.1057355,18.4655394
"159",NA,NA
"160",NA,NA
"161",-97.0035982,28.8052674
"162",-85.5872286,42.2917069
"163",NA,NA
"164",-84.2963123,33.7748275
"165",NA,NA
"166",-115.2784799,36.1104452
"167",-98.4936282,29.4241219
"168",-99.9018131,31.9685988
"169",-71.0588801,42.3600825
"170",-0.130225,51.4650933
"171",21.2570307,45.7659345
"172",NA,NA
"173",NA,NA
"174",-75.1652215,39.9525839
"175",NA,NA
"176",-77.0368707,38.9071923
"177",-79.0192997,35.7595731
"178",-75.0026972,40.068629
"179",-118.2436849,34.0522342
"180",NA,NA
"181",-77.6109219,43.16103
"182",-73.7948516,40.7282239
"183",NA,NA
"184",-2.632596,53.653511
"185",-71.0588801,42.3600825
"186",-87.771964,41.909611
"187",25.3696831,45.5191918
"188",NA,NA
"189",-71.0602131,42.3782065
"190",-74.0059413,40.7127837
"191",NA,NA
"192",-83.400211,42.324204
"193",NA,NA
"194",-122.479326,47.202997
"195",NA,NA
"196",-96.7969879,32.7766642
"197",-95.712891,37.09024
"198",-95.3698028,29.7604267
"199",-118.2436849,34.0522342
"200",-80.782127,8.537981
"201",NA,NA
"202",NA,NA
"203",NA,NA
"204",NA,NA
"205",-71.0588801,42.3600825
"206",-80.6692352,35.0768141
"207",NA,NA
"208",NA,NA
"209",-79.3831843,43.653226
"210",-119.4179324,36.778261
"211",-74.0059413,40.7127837
"212",-115.1398296,36.1699412
"213",-87.1622344,13.3198572
"214",-90.0715323,29.9510658
"215",-95.712891,37.09024
"216",NA,NA
"217",NA,NA
"218",-106.346771,56.130366
"219",NA,NA
"220",-79.3831843,43.653226
"221",-9.5143467,53.8021307
"222",NA,NA
"223",-119.7725868,36.7468422
"224",-101.6859605,21.1250077
"225",-71.4774291,41.5800945
"226",NA,NA
"227",-79.0192997,35.7595731
"228",-95.712891,37.09024
"229",-85.6023643,44.3148443
"230",NA,NA
"231",-118.2436849,34.0522342
"232",NA,NA
"233",-71.3824374,42.4072107
"234",NA,NA
"235",-87.2169149,30.421309
"236",-0.1277583,51.5073509
"237",-95.4171601,30.0799405
"238",NA,NA
"239",-97.5164276,35.4675602
"240",-71.0588801,42.3600825
"241",NA,NA
"242",NA,NA
"243",NA,NA
"244",NA,NA
"245",-71.1270268,42.2832142
"246",-97.7430608,30.267153
"247",NA,NA
"248",-70.8823264,43.1979166
"249",NA,NA
"250",-74.0059413,40.7127837
"251",NA,NA
"252",NA,NA
"253",NA,NA
"254",-74.0059413,40.7127837
"255",NA,NA
"256",NA,NA
"257",-83.7524298,40.1083912
"258",-118.2436849,34.0522342
"259",-70.6692655,-33.4488897
"260",-77.4105409,39.4142688
"261",NA,NA
"262",-89.4012302,43.0730517
"263",NA,NA
"264",NA,NA
"265",-81.1637245,33.836081
"266",-67.9972104,10.1579312
"267",-106.346771,56.130366
"268",-82.907123,40.4172871
"269",-122.6764816,45.5230622
"270",NA,NA
"271",-99.1181908,19.4023953
"272",-95.3698028,29.7604267
"273",-121.4943996,38.5815719
"274",-102.552784,23.634501
"275",NA,NA
"276",-118.2436849,34.0522342
"277",-118.2436849,34.0522342
"278",-118.2436849,34.0522342
"279",NA,NA
"280",NA,NA
"281",-118.2436849,34.0522342
"282",NA,NA
"283",NA,NA
"284",NA,NA
"285",-102.552784,23.634501
"286",-104.9739333,39.5480789
"287",-84.3879824,33.7489954
"288",NA,NA
"289",-95.712891,37.09024
"290",-79.5258035,8.9888355
"291",NA,NA
"292",-72.6850932,41.7637111
"293",-83.8088171,39.9242266
"294",-102.552784,23.634501
"295",-81.7075787,12.5450153
"296",-1.1743197,52.3555177
"297",-71.2760089,42.4906231
"298",NA,NA
"299",-73.567256,45.5016889
"300",-95.712891,37.09024
"301",-105.7820674,39.5500507
"302",-159.5891667,21.9061111
"303",NA,NA
"304",-95.712891,37.09024
"305",-82.9987942,39.9611755
"306",-83.0007774,43.8019592
"307",-73.087648,43.7981572
"308",NA,NA
"309",NA,NA
"310",NA,NA
"311",-103.3496092,20.6596988
"312",-84.3879824,33.7489954
"313",-110.926479,32.2217429
"314",11.5835327,48.1450519
"315",NA,NA
"316",-115.1398296,36.1699412
"317",NA,NA
"318",-96.474987,32.8365147
"319",NA,NA
"320",-99.1608372,19.3215486
"321",NA,NA
"322",NA,NA
"323",-95.712891,37.09024
"324",NA,NA
"325",-106.0691004,28.6329957
"326",NA,NA
"327",NA,NA
"328",-71.2511443,42.7795216
"329",NA,NA
"330",-119.5383294,37.8651011
"331",NA,NA
"332",NA,NA
"333",-77.1945247,41.2033216
"334",-117.0844733,33.706966
"335",-91.1945688,34.8878719
"336",-118.2436849,34.0522342
"337",-82.5748194,27.4989278
"338",NA,NA
"339",NA,NA
"340",-71.0040013,42.2079017
"341",NA,NA
"342",-99.4803241,27.5305671
"343",-47.8821658,-15.7942287
"344",-84.6266111,38.9989499
"345",-99.9018131,31.9685988
"346",NA,NA
"347",-2.1289298,52.0026941
"348",-117.9536697,33.7091847
"349",NA,NA
"350",-46.6333094,-23.5505199
"351",-87.771964,41.909611
"352",NA,NA
"353",NA,NA
"354",-83.2732627,42.3369816
"355",NA,NA
"356",-95.712891,37.09024
"357",-84.3879824,33.7489954
"358",-86.5804473,35.5174913
"359",-79.3831843,43.653226
"360",NA,NA
"361",-120.8958242,38.8375215
"362",-106.2800242,43.4113604
"363",-94.5785667,39.0997265
"364",-117.1610838,32.715738
"365",NA,NA
"366",-90.1994042,38.6270025
"367",-95.712891,37.09024
"368",NA,NA
"369",-98.4786269,28.967194
"370",NA,NA
"371",-78.8233661,42.797281
"372",174.7639505,-36.7723629
"373",NA,NA
"374",NA,NA
"375",-84.3346473,33.9462125
"376",-120.8958242,38.8375215
"377",NA,NA
"378",-86.1349019,40.2671941
"379",NA,NA
"380",NA,NA
"381",NA,NA
"382",NA,NA
"383",-81.4498717,37.2232316
"384",NA,NA
"385",-84.5193754,34.1014873
"386",NA,NA
"387",NA,NA
"388",NA,NA
"389",NA,NA
"390",-112.0740373,33.4483771
"391",-84.4838654,42.7369792
"392",NA,NA
"393",-86.777479,36.1605021
"394",NA,NA
"395",NA,NA
"396",-77.0368707,38.9071923
"397",-83.0457538,42.331427
"398",-77.6109219,43.16103
"399",NA,NA
"400",NA,NA
"401",NA,NA
"402",-74.0059413,40.7127837
"403",NA,NA
"404",NA,NA
"405",-91.9623327,30.9842977
"406",-84.4821719,42.701848
"407",-97.1080656,32.735687
"408",NA,NA
"409",-81.5157535,27.6648274
"410",NA,NA
"411",-92.345806,34.710705
"412",NA,NA
"413",-97.165092,33.6158849
"414",-83.3553842,42.2161722
"415",-104.990251,39.7392358
"416",NA,NA
"417",133.775136,-25.274398
"418",NA,NA
"419",NA,NA
"420",-110.2877262,40.3592857
"421",0.6673665,51.7659078
"422",NA,NA
"423",-58.3815591,-34.6036844
"424",NA,NA
"425",NA,NA
"426",-73.9441579,40.6781784
"427",NA,NA
"428",NA,NA
"429",NA,NA
"430",NA,NA
"431",NA,NA
"432",-91.8318334,35.20105
"433",-122.6716063,45.6318397
"434",NA,NA
"435",-0.1277583,51.5073509
"436",NA,NA
"437",NA,NA
"438",-82.7873244,27.9094665
"439",NA,NA
"440",-71.0588801,42.3600825
"441",NA,NA
"442",-73.9885583,40.7627167
"443",NA,NA
"444",NA,NA
"445",NA,NA
"446",-82.0105148,33.4734978
"447",15.472962,49.817492
"448",-97.307347,30.097643
"449",NA,NA
"450",NA,NA
"451",NA,NA
"452",-77.6109219,43.16103
"453",-75.6054882,39.9606643
"454",-81.339552,41.6661573
"455",-74.0059413,40.7127837
"456",NA,NA
"457",NA,NA
"458",NA,NA
"459",-71.3824374,42.4072107
"460",NA,NA
"461",NA,NA
"462",-84.3879824,33.7489954
"463",NA,NA
"464",-119.4179324,36.778261
"465",NA,NA
"466",NA,NA
"467",NA,NA
"468",-99.9018131,31.9685988
"469",NA,NA
"470",-81.5157535,27.6648274
"471",NA,NA
"472",-74.0059413,40.7127837
"473",NA,NA
"474",NA,NA
"475",NA,NA
"476",-111.0937311,39.3209801
"477",NA,NA
"478",-116.419389,38.8026097
"479",-83.6513229,41.3747744
"480",-73.8731089,40.8789521
"481",-73.212072,44.4758825
"482",NA,NA
"483",-66.1057355,18.4655394
"484",-120.8958242,38.8375215
"485",-74.0059413,40.7127837
"486",NA,NA
"487",-95.99153,36.156883
"488",-100.319906,25.790395
"489",NA,NA
"490",-85.3096801,35.0456297
"491",NA,NA
"492",15.2551187,54.5259614
"493",-77.1067698,38.8799697
"494",-82.907123,40.4172871
"495",NA,NA
"496",NA,NA
"497",NA,NA
"498",-82.9628343,40.0365966
"499",NA,NA
"500",-74.0059413,40.7127837
"501",-69.3354,-15.9254
"502",-95.712891,37.09024
"503",NA,NA
"504",NA,NA
"505",-74.0059413,40.7127837
"506",-95.712891,37.09024
"507",NA,NA
"508",NA,NA
"509",-93.5663455,44.9032963
"510",-97.740095,30.3227954
"511",NA,NA
"512",NA,NA
"513",-104.990251,39.7392358
"514",NA,NA
"515",-75.5276699,38.9108325
"516",-99.9018131,31.9685988
"517",-118.3617443,34.0900091
"518",-98.487335,29.4390958
"519",-86.7816016,36.1626638
"520",-75.3835283,40.7194355
"521",-74.0059413,40.7127837
"522",-99.9018131,31.9685988
"523",-69.192763,44.148088
"524",NA,NA
"525",-71.0588801,42.3600825
"526",-116.5963713,31.8667427
"527",NA,NA
"528",-71.0588801,42.3600825
"529",-71.0588801,42.3600825
"530",NA,NA
"531",NA,NA
"532",NA,NA
"533",NA,NA
"534",-71.1092012,42.1229099
"535",NA,NA
"536",-0.1277583,51.5073509
"537",-118.2436849,34.0522342
"538",-95.712891,37.09024
"539",-95.3698028,29.7604267
"540",NA,NA
"541",-95.3698028,29.7604267
"542",NA,NA
"543",NA,NA
"544",NA,NA
"545",8.6821267,50.1109221
"546",NA,NA
"547",NA,NA
"548",-95.712891,37.09024
"549",-83.1497751,42.6064095
"550",-79.9310512,32.7764749
"551",NA,NA
"552",NA,NA
"553",-87.771964,41.909611
"554",-74.0398622,40.9287098
"555",-119.4179324,36.778261
"556",NA,NA
"557",-76.727745,39.9625984
"558",-84.3640829,33.7589188
"559",-76.6121893,39.2903848
"560",NA,NA
"561",NA,NA
"562",NA,NA
"563",NA,NA
"564",NA,NA
"565",NA,NA
"566",-79.9958864,40.4406248
"567",NA,NA
"568",2.5033683,39.5653483
"569",-71.3328331,42.0042655
"570",NA,NA
"571",NA,NA
"572",-51.2176584,-30.0346471
"573",NA,NA
"574",NA,NA
"575",NA,NA
"576",NA,NA
"577",NA,NA
"578",NA,NA
"579",NA,NA
"580",-71.1211635,42.3317642
"581",-71.0588801,42.3600825
"582",-112.0567376,33.5042885
"583",-71.0588801,42.3600825
"584",NA,NA
"585",-74.0059413,40.7127837
"586",-74.0059413,40.7127837
"587",-74.0059413,40.7127837
"588",NA,NA
"589",72.8776559,19.0759837
"590",-86.7816016,36.1626638
"591",NA,NA
"592",NA,NA
"593",2.3522219,48.856614
"594",-66.58973,6.42375
"595",NA,NA
"596",NA,NA
"597",-81.3792365,28.5383355
"598",NA,NA
"599",NA,NA
"600",-40.0652641,-19.3946651
"601",-81.3792365,28.5383355
"602",-95.3010624,32.3512601
"603",NA,NA
"604",NA,NA
"605",NA,NA
"606",19.145136,51.919438
"607",35.2032778,33.2721479
"608",NA,NA
"609",NA,NA
"610",29.7657663,40.8676124
"611",6.1552165,52.2660751
"612",111.4752851,-0.2787808
"613",-115.1398296,36.1699412
"614",-76.2710833,-12.2720956
"615",NA,NA
"616",NA,NA
"617",-97.7430608,30.267153
"618",-71.0588801,42.3600825
"619",113.921327,-0.789275
"620",-94.757529,38.935011
"621",NA,NA
"622",NA,NA
"623",NA,NA
"624",NA,NA
"625",-78.6568942,37.4315734
"626",NA,NA
"627",NA,NA
"628",-95.712891,37.09024
"629",NA,NA
"630",-0.1277583,51.5073509
"631",NA,NA
"632",NA,NA
"633",NA,NA
"634",NA,NA
"635",NA,NA
"636",NA,NA
"637",NA,NA
"638",NA,NA
"639",NA,NA
"640",NA,NA
"641",-88.0118473,41.7435073
"642",NA,NA
"643",NA,NA
"644",NA,NA
"645",NA,NA
"646",NA,NA
"647",NA,NA
"648",-76.6121893,39.2903848
"649",108.1428669,3.9456514
"650",NA,NA
"651",NA,NA
"652",NA,NA
"653",NA,NA
"654",-102.552784,23.634501
"655",NA,NA
"656",NA,NA
"657",77.2090212,28.6139391
"658",NA,NA
"659",NA,NA
"660",-95.712891,37.09024
"661",NA,NA
"662",-86.8515279,21.161908
"663",NA,NA
"664",-76.3055144,40.0378755
"665",-118.3089661,34.1808392
"666",NA,NA
"667",NA,NA
"668",NA,NA
"669",-74.0059413,40.7127837
"670",NA,NA
"671",NA,NA
"672",NA,NA
"673",NA,NA
"674",NA,NA
"675",-90.0489801,35.1495343
"676",NA,NA
"677",-82.4571776,27.950575
"678",NA,NA
"679",NA,NA
"680",NA,NA
"681",NA,NA
"682",NA,NA
"683",-94.0723226,46.2814568
"684",NA,NA
"685",-82.907123,40.4172871
"686",NA,NA
"687",144.9937739,-37.8491409
"688",15.2551187,54.5259614
"689",NA,NA
"690",NA,NA
"691",NA,NA
"692",-86.5861037,34.7303688
"693",-105.7820674,39.5500507
"694",-122.2913078,37.8271784
"695",NA,NA
"696",NA,NA
"697",-81.4575535,28.4842162
"698",78.4896235,17.4412618
"699",NA,NA
"700",NA,NA
"701",NA,NA
"702",NA,NA
"703",NA,NA
"704",-3.435973,55.378051
"705",-83.1828732,30.6846637
"706",NA,NA
"707",NA,NA
"708",NA,NA
"709",NA,NA
"710",-104.7091322,40.4233142
"711",NA,NA
"712",-74.0059413,40.7127837
"713",NA,NA
"714",NA,NA
"715",141.3470159,-5.0122202
"716",-78.8783689,42.8864468
"717",35.862285,33.854721
"718",-74.0059413,40.7127837
"719",-73.992165,41.143051
"720",NA,NA
"721",-122.177741,47.3135849
"722",-95.712891,37.09024
"723",-80.8547922,35.2170076
"724",-111.651302,35.1982836
"725",NA,NA
"726",NA,NA
"727",-79.532157,43.8169837
"728",-118.2436849,34.0522342
"729",-76.8720961,38.7849211
"730",NA,NA
"731",NA,NA
"732",NA,NA
"733",NA,NA
"734",NA,NA
"735",-71.449503,41.4500844
"736",NA,NA
"737",78.96288,20.593684
"738",-118.2436849,34.0522342
"739",-119.1770516,34.1975048
"740",-106.6055534,35.0853336
"741",NA,NA
"742",NA,NA
"743",-111.0429339,45.6769979
"744",NA,NA
"745",-99.133208,19.4326077
"746",NA,NA
"747",NA,NA
"748",NA,NA
"749",NA,NA
"750",-102.552784,23.634501
"751",-119.4179324,36.778261
"752",-106.346771,56.130366
"753",-111.413463,40.5062024
"754",-82.7192671,28.2441768
"755",NA,NA
"756",-99.133208,19.4326077
"757",113.921327,-0.789275
"758",-122.2913078,37.8271784
"759",-71.625752,-33.043424
"760",NA,NA
"761",NA,NA
"762",NA,NA
"763",-81.8661442,28.0582985
"764",-82.448732,38.259082
"765",NA,NA
"766",-95.712891,37.09024
"767",-9.0567905,53.270668
"768",-119.4179324,36.778261
"769",10.5881804,49.9873929
"770",-70.7896016,41.662808
"771",NA,NA
"772",-86.6715948,36.0597177
"773",-78.9932251,33.636663
"774",-87.6297982,41.8781136
"775",NA,NA
"776",NA,NA
"777",-118.2436849,34.0522342
"778",-66.8521565,10.378758
"779",-102.552784,23.634501
"780",NA,NA
"781",NA,NA
"782",79.3612652,11.2143483
"783",NA,NA
"784",NA,NA
"785",76.085601,29.0587757
"786",NA,NA
"787",NA,NA
"788",NA,NA
"789",NA,NA
"790",NA,NA
"791",-99.9018131,43.9695148
"792",-100.3898881,20.5887932
"793",-63.0266339,-40.8261434
"794",-84.2700179,37.8393332
"795",NA,NA
"796",77.2090212,28.6139391
"797",-100.2868973,25.7493469
"798",NA,NA
"799",-49.0147244,-28.471976
"800",NA,NA
"801",101.975766,4.210484
"802",NA,NA
"803",NA,NA
"804",-121.3235978,44.085114
"805",-99.133208,19.4326077
"806",NA,NA
"807",-79.532157,43.8169837
"808",-87.9196785,43.0405846
"809",NA,NA
"810",-76.6412712,39.0457549
"811",-74.4056612,40.0583238
"812",-122.4194155,37.7749295
"813",-123.1207375,49.2827291
"814",NA,NA
"815",-71.0588801,42.3600825
"816",-76.2999344,36.829083
"817",-70.162651,18.735693
"818",-87.4052865,37.9444882
"819",NA,NA
"820",-90.0571544,29.9672135
"821",-111.8910474,40.7607793
"822",-86.902298,32.3182314
"823",-99.2231387,19.6528089
"824",NA,NA
"825",NA,NA
"826",-86.2999689,32.3668052
"827",-71.7147951,10.6544509
"828",NA,NA
"829",NA,NA
"830",NA,NA
"831",-74.0059413,40.7127837
"832",-119.4179324,36.778261
"833",NA,NA
"834",77.2090212,28.6139391
"835",NA,NA
"836",-58.3815591,-34.6036844
"837",NA,NA
"838",NA,NA
"839",NA,NA
"840",-102.552784,23.634501
"841",-43.3468065,-22.8520103
"842",NA,NA
"843",NA,NA
"844",-82.4571776,27.950575
"845",NA,NA
"846",NA,NA
"847",-99.9018131,31.9685988
"848",NA,NA
"849",106.8060388,-6.5971469
"850",NA,NA
"851",-102.552784,23.634501
"852",NA,NA
"853",119.4327314,-5.1476651
"854",-97.3307658,32.7554883
"855",NA,NA
"856",-118.2436849,34.0522342
"857",-78.6294802,35.9006503
"858",NA,NA
"859",-102.552784,23.634501
"860",-95.712891,37.09024
"861",-102.552784,23.634501
"862",NA,NA
"863",NA,NA
"864",NA,NA
"865",-118.2436849,34.0522342
"866",-95.3698028,29.7604267
"867",NA,NA
"868",-102.552784,23.634501
"869",-80.1917902,25.7616798
"870",-111.9260519,33.4941704
"871",-99.133208,19.4326077
"872",-100.3161126,25.6866142
"873",NA,NA
"874",-80.056146,26.706767
"875",-100.3161126,25.6866142
"876",-66.58973,6.42375
"877",-98.7623874,20.0910963
"878",NA,NA
"879",-118.2436849,34.0522342
"880",-102.552784,23.634501
"881",NA,NA
"882",NA,NA
"883",-102.552784,23.634501
"884",NA,NA
"885",NA,NA
"886",-118.2436849,34.0522342
"887",NA,NA
"888",NA,NA
"889",NA,NA
"890",NA,NA
"891",NA,NA
"892",NA,NA
"893",-94.6858998,46.729553
"894",-99.1472206,19.3394597
"895",NA,NA
"896",115.8604572,-31.9505269
"897",-117.7831104,33.5422475
"898",-95.712891,37.09024
"899",NA,NA
"900",-79.3831843,43.653226
"901",-94.2162152,36.3628451
"902",NA,NA
"903",-64.1887761,-31.4200833
"904",-110.3308814,29.2972247
"905",NA,NA
"906",-100.3898876,20.5888184
"907",NA,NA
"908",-63.616672,-38.416097
"909",-115.1398296,36.1699412
"910",51.183884,25.354826
"911",NA,NA
"912",NA,NA
"913",NA,NA
"914",NA,NA
"915",NA,NA
"916",NA,NA
"917",-99.133208,19.4326077
"918",-43.1728965,-22.9068467
"919",106.8060388,-6.5971469
"920",-87.8654176,42.3015469
"921",NA,NA
"922",69.345116,30.375321
"923",-74.4056612,40.0583238
"924",118.796877,32.060255
"925",-74.0059413,40.7127837
"926",-74.297333,4.570868
"927",-93.0899578,44.9537029
"928",NA,NA
"929",NA,NA
"930",NA,NA
"931",-71.5723953,43.1938516
"932",-116.419389,38.8026097
"933",NA,NA
"934",-3.435973,55.378051
"935",-1.61778,54.978252
"936",-43.7112547,-22.6083065
"937",-99.133208,19.4326077
"938",NA,NA
"939",-93.287858,44.952959
"940",NA,NA
"941",-102.4107493,34.2331373
"942",NA,NA
"943",-74.0059413,40.7127837
"944",-84.3883717,33.755711
"945",-82.5306527,27.3364347
"946",-76.4921829,38.9784453
"947",NA,NA
"948",-77.8291259,34.2421285
"949",NA,NA
"950",-97.856109,27.5158689
"951",NA,NA
"952",NA,NA
"953",-71.0588801,42.3600825
"954",NA,NA
"955",-122.6479642,38.0370155
"956",NA,NA
"957",NA,NA
"958",-81.6943605,41.49932
"959",130.8456418,-12.4634403
"960",-118.2436849,34.0522342
"961",-74.1329207,40.9628758
"962",153.1932534,-28.6104322
"963",NA,NA
"964",-43.1728965,-22.9068467
"965",NA,NA
"966",-99.8606107,28.5219292
"967",-78.6568942,21.4691137
"968",-86.902298,32.3182314
"969",-93.2991931,44.9522896
"970",NA,NA
"971",-100.4995214,28.7091433
"972",NA,NA
"973",NA,NA
"974",-51.92528,-14.235004
"975",138.252924,36.204824
"976",NA,NA
"977",NA,NA
"978",-83.0457538,42.331427
"979",-74.4056612,40.0583238
"980",-95.712891,37.09024
"981",-79.8583721,36.5768046
"982",NA,NA
"983",NA,NA
"984",NA,NA
"985",-116.419389,34.9592083
"986",NA,NA
"987",-112.0263313,41.1616108
"988",NA,NA
"989",NA,NA
"990",NA,NA
"991",-118.2436849,34.0522342
"992",-122.6764816,45.5230622
"993",-82.9000751,32.1656221
"994",-74.0059413,40.7127837
"995",NA,NA
"996",-74.0059413,40.7127837
"997",-77.032522,-12.073236
"998",-63.9113296,10.9970723
"999",-84.3879824,33.7489954
"1000",-122.4166041,37.7767964
"1001",30.217636,12.862807
"1002",-83.9811014,34.1140497
"1003",-118.2436849,34.0522342
"1004",-105.305861,39.592433
"1005",NA,NA
"1006",NA,NA
"1007",-76.8720961,38.7849211
"1008",-74.2824862,40.6041777
"1009",-87.7126692,41.8807968
"1010",-80.3256056,27.4467056
"1011",NA,NA
"1012",-112.8279996,37.8421975
"1013",NA,NA
"1014",-77.82341,37.886976
"1015",NA,NA
"1016",-82.9000751,32.1656221
"1017",-94.3821724,38.9108408
"1018",NA,NA
"1019",NA,NA
"1020",NA,NA
"1021",-67.6066164,10.2441931
"1022",NA,NA
"1023",-86.8597102,35.6430184
"1024",NA,NA
"1025",-97.4867028,35.3395079
"1026",-111.0506774,39.2321322
"1027",NA,NA
"1028",-81.5157535,27.6648274
"1029",138.252924,36.204824
"1030",-79.9223592,-2.1709979
"1031",-81.5157535,27.6648274
"1032",-91.5679114,35.3098066
"1033",-74.4173877,40.8652865
"1034",-81.2420473,41.1575566
"1035",-85.1446144,41.1272329
"1036",-118.2436849,34.0522342
"1037",NA,NA
"1038",-58.3815591,-34.6036844
"1039",NA,NA
"1040",-83.3527097,42.36837
"1041",NA,NA
"1042",NA,NA
"1043",NA,NA
"1044",-84.3879824,33.7489954
"1045",NA,NA
"1046",116.1004894,-8.5769951
"1047",-43.1728965,-22.9068467
"1048",-58.3815591,-34.6036844
"1049",-99.9018131,31.9685988
"1050",-78.183406,-1.831239
"1051",NA,NA
"1052",-102.552784,23.634501
"1053",NA,NA
"1054",-99.133208,19.4326077
"1055",-103.3496092,20.6596988
"1056",NA,NA
"1057",-95.5377215,29.6185669
"1058",-121.4943996,38.5815719
"1059",NA,NA
"1060",2.213749,46.227638
"1061",-57.8816335,-34.8714241
"1062",-96.7969879,32.7766642
"1063",NA,NA
"1064",-87.6297982,41.8781136
"1065",-99.133208,19.4326077
"1066",NA,NA
"1067",NA,NA
"1068",NA,NA
"1069",-111.8910474,40.7607793
"1070",NA,NA
"1071",-80.038151,26.721265
"1072",NA,NA
"1073",-80.7898089,41.8650534
"1074",-73.087749,41.6032207
"1075",-89.7678746,39.5008866
"1076",-94.5785667,39.0997265
"1077",-104.990251,39.7392358
"1078",-37.6173695,-6.8967239
"1079",NA,NA
"1080",-122.5005311,42.4346247
"1081",-97.1060202,32.940444
"1082",-73.9441579,40.6781784
"1083",NA,NA
"1084",NA,NA
"1085",-84.7996573,33.3806716
"1086",-88.0309381,42.3478937
"1087",NA,NA
"1088",NA,NA
"1089",133.775136,-25.274398
"1090",-118.2436849,34.0522342
"1091",-121.0659405,38.6511571
"1092",-86.3442107,34.3614336
"1093",NA,NA
"1094",-76.6121893,39.2903848
"1095",NA,NA
"1096",-96.7969879,32.7766642
"1097",NA,NA
"1098",NA,NA
"1099",NA,NA
"1100",-98.4842465,39.011902
"1101",-96.840133,46.9223429
"1102",80.2707184,13.0826802
"1103",NA,NA
"1104",NA,NA
"1105",-71.542969,-35.675147
"1106",-80.1917902,25.7616798
"1107",NA,NA
"1108",-96.373747,30.6735749
"1109",-81.8281601,41.4815958
"1110",-77.5216301,37.5722598
"1111",-89.3762757,43.0764387
"1112",-73.3815101,40.7142663
"1113",NA,NA
"1114",-117.9992265,33.660297
"1115",NA,NA
"1116",NA,NA
"1117",NA,NA
"1118",-86.9223432,20.4229839
"1119",-117.9145036,33.8352932
"1120",-95.7580048,29.7388418
"1121",-81.8191658,38.3793695
"1122",NA,NA
"1123",NA,NA
"1124",136.2091547,-30.0002315
"1125",-43.1728965,-22.9068467
"1126",-80.1289321,26.3683064
"1127",-71.449503,41.4500844
"1128",-91.8318334,35.20105
"1129",NA,NA
"1130",NA,NA
"1131",NA,NA
"1132",-79.8136446,35.7079146
"1133",-51.92528,-14.235004
"1134",NA,NA
"1135",-86.5804473,35.5174913
"1136",-118.3812562,34.187044
"1137",NA,NA
"1138",NA,NA
"1139",NA,NA
"1140",-119.4179324,36.778261
"1141",NA,NA
"1142",55.166667,25.216667
"1143",-96.7898034,46.8771863
"1144",-80.1917902,25.7616798
"1145",NA,NA
"1146",-94.6858998,46.729553
"1147",-74.0059413,40.7127837
"1148",NA,NA
"1149",-71.0588801,42.3600825
"1150",-118.2436849,34.0522342
"1151",NA,NA
"1152",-119.8609718,34.4133292
"1153",-99.7331439,32.4487364
"1154",NA,NA
"1155",NA,NA
"1156",98.6722227,3.5951956
"1157",-97.330053,37.6871761
"1158",-84.3879824,33.7489954
"1159",-87.5691735,33.2098407
"1160",-117.1610838,32.715738
"1161",-92.6179621,38.1503113
"1162",NA,NA
"1163",-46.6333094,-23.5505199
"1164",-97.9413941,29.8832749
"1165",-118.2436849,34.0522342
"1166",NA,NA
"1167",NA,NA
"1168",-119.4179324,36.778261
"1169",NA,NA
"1170",-102.552784,23.634501
"1171",-149.5680499,61.3293186
"1172",-69.4525443,44.2067419
"1173",-123.1207375,49.2827291
"1174",NA,NA
"1175",-8.4054431,43.3649533
"1176",-81.5157535,27.6648274
"1177",-122.9669865,42.3134584
"1178",-122.632776,47.518358
"1179",-118.2436849,34.0522342
"1180",NA,NA
"1181",-118.1541632,34.6867846
"1182",NA,NA
"1183",NA,NA
"1184",-118.2436849,34.0522342
"1185",-117.3397496,33.6872043
"1186",-74.4056612,40.0583238
"1187",NA,NA
"1188",NA,NA
"1189",NA,NA
"1190",NA,NA
"1191",-74.0059413,40.7127837
"1192",NA,NA
"1193",-96.4688727,32.0954304
"1194",-74.0059413,40.7127837
"1195",NA,NA
"1196",NA,NA
"1197",-88.7878678,43.7844397
"1198",-75.1632937,40.0119395
"1199",-118.3286614,34.0928092
"1200",-98.7528394,33.370663
"1201",-114.0708459,51.0486151
"1202",NA,NA
"1203",NA,NA
"1204",-97.7965464,27.806281
"1205",-123.1207375,49.2827291
"1206",-83.753428,9.748917
"1207",NA,NA
"1208",NA,NA
"1209",101.975766,4.210484
"1210",-79.3370188,43.8561002
"1211",-90.1848103,32.2987573
"1212",NA,NA
"1213",NA,NA
"1214",NA,NA
"1215",NA,NA
"1216",-120.059879,36.7235572
"1217",NA,NA
"1218",NA,NA
"1219",NA,NA
"1220",-88.7878678,43.7844397
"1221",-79.0478143,33.8360034
"1222",139.6917064,35.6894875
"1223",-79.9958864,40.4406248
"1224",147.3013674,-42.8729302
"1225",-71.3700545,41.8137116
"1226",NA,NA
"1227",NA,NA
"1228",NA,NA
"1229",NA,NA
"1230",151.2092955,-33.8688197
"1231",-51.92528,-14.235004
"1232",NA,NA
"1233",NA,NA
"1234",-79.3831843,43.653226
"1235",NA,NA
"1236",NA,NA
"1237",NA,NA
"1238",-88.2022488,20.68964
"1239",-101.4215236,26.9080378
"1240",144.9937739,-37.8491409
"1241",NA,NA
"1242",NA,NA
"1243",-84.4277001,33.6407282
"1244",-122.3127747,47.667344
"1245",-79.3831843,43.653226
"1246",-74.0059413,40.7127837
"1247",82.6645469,26.5432647
"1248",-73.9788248,40.7521501
"1249",-77.1772604,38.9338676
"1250",98.3380884,7.9519331
"1251",-95.712891,37.09024
"1252",-82.41712,37.1808125
"1253",NA,NA
"1254",-97.396381,27.8005828
"1255",-75.5812119,6.244203
"1256",-80.1917902,25.7616798
"1257",NA,NA
"1258",-74.297333,4.570868
"1259",NA,NA
"1260",NA,NA
"1261",-71.0786653,42.5750939
"1262",-66.590149,18.220833
"1263",NA,NA
"1264",-88.4131758,47.0977044
"1265",91.7362365,26.1445169
"1266",-76.6412712,39.0457549
"1267",-90.5068824,14.6349149
"1268",-86.158068,39.768403
"1269",NA,NA
"1270",-51.92528,-14.235004
"1271",NA,NA
"1272",NA,NA
"1273",NA,NA
"1274",NA,NA
"1275",NA,NA
"1276",152.9532629,-27.7472667
"1277",-96.7969879,32.7766642
"1278",NA,NA
"1279",-81.5157535,27.6648274
"1280",-66.58973,6.42375
"1281",NA,NA
"1282",NA,NA
"1283",NA,NA
"1284",NA,NA
"1285",-3.74922,40.463667
"1286",-98.6783516,27.3067057
"1287",NA,NA
"1288",-95.5377215,29.6185669
"1289",-80.1917902,25.7616798
"1290",-73.134961,40.789142
"1291",NA,NA
"1292",NA,NA
"1293",NA,NA
"1294",-117.2897652,34.1083449
"1295",-102.4107493,34.2331373
"1296",-71.3055522,46.1028329
"1297",NA,NA
"1298",-74.297333,4.570868
"1299",NA,NA
"1300",NA,NA
"1301",-99.9018131,31.9685988
"1302",-96.4003069,42.4999942
"1303",-118.2467693,34.040713
"1304",NA,NA
"1305",NA,NA
"1306",NA,NA
"1307",NA,NA
"1308",-46.6333094,-23.5505199
"1309",-97.307347,30.097643
"1310",NA,NA
"1311",NA,NA
"1312",NA,NA
"1313",NA,NA
"1314",2.9837092,50.6533136
"1315",NA,NA
"1316",-71.0183787,42.0834335
"1317",-83.1782587,42.1394858
"1318",NA,NA
"1319",100.992541,15.870032
"1320",NA,NA
"1321",-77.1945247,41.2033216
"1322",-102.552784,23.634501
"1323",-87.6297982,41.8781136
"1324",-51.92528,-14.235004
"1325",-97.092877,35.0077519
"1326",-83.7596557,40.3611643
"1327",NA,NA
"1328",NA,NA
"1329",NA,NA
"1330",-94.5785667,39.0997265
"1331",NA,NA
"1332",NA,NA
"1333",NA,NA
"1334",-71.0588801,42.3600825
"1335",NA,NA
"1336",-71.0588801,42.3600825
"1337",NA,NA
"1338",-87.7528204,41.8131762
"1339",NA,NA
"1340",28.9783589,41.0082376
"1341",-118.364613,33.900601
"1342",-8.6291053,41.1579438
"1343",-79.532157,43.8169837
"1344",-95.4477966,30.2838958
"1345",-119.7725868,36.7468422
"1346",NA,NA
"1347",NA,NA
"1348",NA,NA
"1349",100.992541,15.870032
"1350",NA,NA
"1351",-80.579511,35.4087517
"1352",-111.9738304,41.223
"1353",NA,NA
"1354",-122.6764816,45.5230622
"1355",NA,NA
"1356",-66.58973,6.42375
"1357",-95.712891,37.09024
"1358",NA,NA
"1359",NA,NA
"1360",-119.6893215,36.8053235
"1361",-78.183406,-1.831239
"1362",NA,NA
"1363",-71.2478251,42.0653812
"1364",-1.559458,54.52361
"1365",-95.3698028,29.7604267
"1366",NA,NA
"1367",-3.435973,55.378051
"1368",NA,NA
"1369",NA,NA
"1370",NA,NA
"1371",-95.712891,37.09024
"1372",NA,NA
"1373",-79.9558968,39.629526
"1374",-80.2933838,36.2404158
"1375",NA,NA
"1376",NA,NA
"1377",NA,NA
"1378",NA,NA
"1379",44.5133034,48.708048
"1380",84.9924506,56.5010397
"1381",-74.0059413,40.7127837
"1382",NA,NA
"1383",-71.0588801,42.3600825
"1384",-71.4676639,41.8535518
"1385",-0.1277583,51.5073509
"1386",15.2551187,54.5259614
"1387",NA,NA
"1388",-70.8226541,43.9653889
"1389",NA,NA
"1390",NA,NA
"1391",-112.0740373,33.4483771
"1392",-90.014927,29.925381
"1393",NA,NA
"1394",-77.0368707,38.9071923
"1395",-95.712891,37.09024
"1396",31.16558,48.379433
"1397",-70.8226541,43.9653889
"1398",NA,NA
"1399",-3.435973,55.378051
"1400",8.8115332,46.4130251
"1401",-111.8900831,40.5266854
"1402",NA,NA
"1403",-71.5723953,43.1938516
"1404",-71.0588801,42.3600825
"1405",NA,NA
"1406",-73.9524949,42.0776501
"1407",19.040235,47.497912
"1408",139.754732,35.655152
"1409",NA,NA
"1410",NA,NA
"1411",-91.9623327,30.9842977
"1412",-105.7820674,39.5500507
"1413",NA,NA
"1414",-75.1652215,39.9525839
"1415",-71.0588801,42.3600825
"1416",NA,NA
"1417",-118.3286614,34.0928092
"1418",-119.4179324,36.778261
"1419",-76.6412712,39.0457549
"1420",-155.5827818,19.8967662
"1421",-1.890401,52.486243
"1422",NA,NA
"1423",NA,NA
"1424",-84.3879824,33.7489954
"1425",-78.6568942,37.4315734
"1426",NA,NA
"1427",-72.5204827,9.967492
"1428",NA,NA
"1429",-86.3442107,34.3614336
"1430",NA,NA
"1431",NA,NA
"1432",-95.712891,37.09024
"1433",-95.992775,36.1539816
"1434",-81.1637245,33.836081
"1435",NA,NA
"1436",10.5881804,49.9873929
"1437",NA,NA
"1438",NA,NA
"1439",NA,NA
"1440",NA,NA
"1441",NA,NA
"1442",-71.8022934,42.2625932
"1443",NA,NA
"1444",-71.0588801,42.3600825
"1445",NA,NA
"1446",NA,NA
"1447",-95.712891,37.09024
"1448",-0.1168561,51.5085988
"1449",NA,NA
"1450",-91.8074586,18.6504879
"1451",NA,NA
"1452",-57.6604364,53.1355091
"1453",-95.712891,37.09024
"1454",NA,NA
"1455",NA,NA
"1456",-71.3824374,42.4072107
"1457",NA,NA
"1458",-95.3698028,29.7604267
"1459",-73.087749,41.6032207
"1460",-87.6297982,41.8781136
"1461",-95.3698028,29.7604267
"1462",-71.0588801,42.3600825
"1463",NA,NA
"1464",-73.2544903,45.305771
"1465",-76.1973745,42.5918072
"1466",-71.5723953,43.1938516
"1467",-70.8226541,43.9653889
"1468",-71.2478251,42.0653812
"1469",-86.5804473,35.5174913
"1470",NA,NA
"1471",NA,NA
"1472",-77.1945247,41.2033216
"1473",-99.2114234,19.2790911
"1474",NA,NA
"1475",-84.1052256,40.742551
"1476",-71.0588801,42.3600825
"1477",NA,NA
"1478",-3.7323934,40.3082504
"1479",-74.0059413,40.7127837
"1480",-90.6279044,38.5025537
"1481",-71.8022934,42.2625932
"1482",-75.6971931,45.4215296
"1483",-118.2436849,34.0522342
"1484",NA,NA
"1485",-46.6333094,-23.5505199
"1486",NA,NA
"1487",-58.2546051,-34.7206336
"1488",NA,NA
"1489",-74.0059413,40.7127837
"1490",NA,NA
"1491",-118.4716364,34.0519861
"1492",-84.3879824,33.7489954
"1493",-80.1386547,26.8233946
"1494",NA,NA
"1495",-73.8648268,40.8447819
"1496",NA,NA
"1497",NA,NA
"1498",NA,NA
"1499",NA,NA
"1500",NA,NA
"1501",NA,NA
"1502",-70.7625532,43.0717552
"1503",-92.0198427,30.2240897
"1504",NA,NA
"1505",-74.480313,40.7982189
"1506",NA,NA
"1507",NA,NA
"1508",-71.264125,42.0925375
"1509",-88.1834277,43.4252776
"1510",NA,NA
"1511",-95.712891,37.09024
"1512",NA,NA
"1513",-98.2978951,26.0508406
"1514",NA,NA
"1515",NA,NA
"1516",-80.4775569,25.4687224
"1517",-71.2008912,42.7885553
"1518",-111.9400054,33.4255104
"1519",-97.7240495,30.4919176
"1520",-112.0740373,33.4483771
"1521",-71.0588801,42.3600825
"1522",-75.5276699,38.9108325
"1523",-72.589811,42.1014831
"1524",9.9100178,54.5856897
"1525",-71.0588801,42.3600825
"1526",NA,NA
"1527",NA,NA
"1528",-95.3698028,29.7604267
"1529",-118.2436849,34.0522342
"1530",-122.2601199,47.4420408
"1531",-71.2478251,42.0653812
"1532",NA,NA
"1533",153.1445301,-26.7906865
"1534",NA,NA
"1535",NA,NA
"1536",-122.4290335,37.7636866
"1537",-72.459634,41.6314378
"1538",NA,NA
"1539",-95.712891,37.09024
"1540",NA,NA
"1541",-86.158068,39.768403
"1542",NA,NA
"1543",NA,NA
"1544",-87.6297982,41.8781136
"1545",-76.5063419,38.4742898
"1546",NA,NA
"1547",-72.5466486,42.1536301
"1548",NA,NA
"1549",NA,NA
"1550",NA,NA
"1551",NA,NA
"1552",-99.9018131,31.9685988
"1553",-84.028839,39.731067
"1554",NA,NA
"1555",-66.58973,6.42375
"1556",NA,NA
"1557",-74.0059413,40.7127837
"1558",NA,NA
"1559",NA,NA
"1560",NA,NA
"1561",-122.3320708,47.6062095
"1562",-116.419389,34.9592083
"1563",NA,NA
"1564",NA,NA
"1565",-71.8022934,42.2625932
"1566",-95.712891,37.09024
"1567",-95.712891,37.09024
"1568",-87.6075027,41.6274429
"1569",-95.712891,37.09024
"1570",-71.0588801,42.3600825
"1571",-81.5331286,28.3252878
"1572",40.5601553,64.5472507
"1573",-97.1060202,32.940444
"1574",NA,NA
"1575",-82.5306527,27.3364347
"1576",-82.907123,40.4172871
"1577",-74.4056612,40.0583238
"1578",NA,NA
"1579",-111.9507042,33.8333716
"1580",55.166667,25.216667
"1581",-81.8164357,33.5419014
"1582",NA,NA
"1583",-77.0368707,38.9071923
"1584",-71.3824374,42.4072107
"1585",NA,NA
"1586",-73.1951767,41.1865478
"1587",-81.1637245,33.836081
"1588",NA,NA
"1589",-85.6023643,44.3148443
"1590",-7.6920536,53.1423672
"1591",NA,NA
"1592",NA,NA
"1593",-79.6441198,43.5890452
"1594",-106.346771,56.130366
"1595",NA,NA
"1596",-35.200916,-5.7792569
"1597",-97.7413143,31.1950013
"1598",-84.3365917,33.8651033
"1599",-5.93012,54.597285
"1600",NA,NA
"1601",-71.4128343,41.8239891
"1602",NA,NA
"1603",-106.346771,56.130366
"1604",-99.9018131,31.9685988
"1605",-122.4194155,37.7749295
"1606",-102.1501706,30.3790366
"1607",-95.712891,37.09024
"1608",-5.93012,54.597285
"1609",-81.1637245,33.836081
"1610",NA,NA
"1611",NA,NA
"1612",55.1004538,51.7666482
"1613",-80.1373174,26.1224386
"1614",NA,NA
"1615",-78.898619,35.9940329
"1616",NA,NA
"1617",-71.0588801,42.3600825
"1618",NA,NA
"1619",-73.720405,40.7255175
"1620",NA,NA
"1621",NA,NA
"1622",-71.0588801,42.3600825
"1623",NA,NA
"1624",-2.96083,53.4308294
"1625",NA,NA
"1626",-90.2940069,37.5597754
"1627",-0.1277583,51.5073509
"1628",-95.6425136,30.0077772
"1629",NA,NA
"1630",-71.761522,42.1920719
"1631",7.6615938,51.4332367
"1632",-52.7125768,47.5615096
"1633",-71.5130445,42.7795584
"1634",NA,NA
"1635",NA,NA
"1636",NA,NA
"1637",NA,NA
"1638",-84.3879824,33.7489954
"1639",NA,NA
"1640",-84.3640829,33.7589188
"1641",-83.9811014,34.1140497
"1642",-97.9413941,29.8832749
"1643",-78.4766781,38.0293059
"1644",NA,NA
"1645",-118.2436849,34.0522342
"1646",-77.0368707,38.9071923
"1647",-95.712891,37.09024
"1648",-95.712891,37.09024
"1649",NA,NA
"1650",NA,NA
"1651",-92.1735164,38.5767017
"1652",NA,NA
"1653",-71.0588801,42.3600825
"1654",NA,NA
"1655",39.2088823,51.6754966
"1656",-46.6333094,-23.5505199
"1657",-106.346771,56.130366
"1658",-76.6412712,39.0457549
"1659",139.70304,35.5308224
"1660",-75.1652215,39.9525839
"1661",NA,NA
"1662",-71.5723953,43.1938516
"1663",NA,NA
"1664",NA,NA
"1665",-99.9018131,31.9685988
"1666",-73.087749,41.6032207
"1667",-71.0588801,42.3600825
"1668",-81.5157535,27.6648274
"1669",-82.4903748,27.1961627
"1670",NA,NA
"1671",-71.4128343,41.8239891
"1672",-94.961594,29.7270612
"1673",NA,NA
"1674",-1.4919233,51.2111975
"1675",NA,NA
"1676",NA,NA
"1677",NA,NA
"1678",-111.0937311,34.0489281
"1679",NA,NA
"1680",-71.0588801,42.3600825
"1681",5.291266,52.132633
"1682",-71.0588801,42.3600825
"1683",-70.9477546,42.9814292
"1684",-77.066923,39.1531627
"1685",NA,NA
"1686",-71.4774291,41.5800945
"1687",-97.7430608,30.267153
"1688",-71.0588801,42.3600825
"1689",127.766922,35.907757
"1690",-95.712891,37.09024
"1691",-92.2895948,34.7464809
"1692",-71.0588801,42.3600825
"1693",NA,NA
"1694",NA,NA
"1695",NA,NA
"1696",-69.4454689,45.253783
"1697",NA,NA
"1698",NA,NA
"1699",-80.5898854,37.117568
"1700",-71.0588801,42.3600825
"1701",-70.6619888,42.6159285
"1702",-87.771964,41.909611
"1703",NA,NA
"1704",0.0186555,5.7089238
"1705",NA,NA
"1706",-104.8730088,39.8675693
"1707",NA,NA
"1708",NA,NA
"1709",-0.1277583,51.5073509
"1710",-3.435973,55.378051
"1711",-74.2390828,40.7985699
"1712",-90.1994042,38.6270025
"1713",NA,NA
"1714",NA,NA
"1715",-5.9844589,37.3890924
"1716",NA,NA
"1717",NA,NA
"1718",NA,NA
"1719",NA,NA
"1720",NA,NA
"1721",-74.0059413,40.7127837
"1722",NA,NA
"1723",NA,NA
"1724",NA,NA
"1725",NA,NA
"1726",NA,NA
"1727",NA,NA
"1728",NA,NA
"1729",NA,NA
"1730",-1.7797176,51.5557739
"1731",-71.1097335,42.3736158
"1732",-78.8783689,42.8864468
"1733",NA,NA
"1734",NA,NA
"1735",2.3522219,48.856614
"1736",12.88945,46.9907
"1737",NA,NA
"1738",-80.8431267,35.2270869
"1739",14.332644,40.901975
"1740",-71.3824374,42.4072107
"1741",NA,NA
"1742",-82.9987942,39.9611755
"1743",115.8604572,-31.9505269
"1744",NA,NA
"1745",NA,NA
"1746",NA,NA
"1747",-80.1247667,26.2378597
"1748",NA,NA
"1749",-71.0772796,42.7762015
"1750",-71.0588801,42.3600825
"1751",-71.0588801,42.3600825
"1752",-71.0588801,42.3600825
"1753",-122.2913078,37.8271784
"1754",NA,NA
"1755",-112.0740373,33.4483771
"1756",-99.9018131,31.9685988
"1757",NA,NA
"1758",NA,NA
"1759",NA,NA
"1760",NA,NA
"1761",-95.3698028,29.7604267
"1762",-69.4454689,45.253783
"1763",-70.7256964,43.544384
"1764",NA,NA
"1765",NA,NA
"1766",NA,NA
"1767",NA,NA
"1768",NA,NA
"1769",-71.0588801,42.3600825
"1770",NA,NA
"1771",NA,NA
"1772",-99.1495107,19.4356338
"1773",-76.6412712,39.0457549
"1774",-3.435973,55.378051
"1775",-74.0059413,40.7127837
"1776",NA,NA
"1777",-71.3824374,42.4072107
"1778",39.8844708,57.6260744
"1779",-99.133208,19.4326077
"1780",-70.8476708,42.1162217
"1781",NA,NA
"1782",NA,NA
"1783",NA,NA
"1784",-95.712891,37.09024
"1785",NA,NA
"1786",-71.4161565,42.279286
"1787",NA,NA
"1788",NA,NA
"1789",NA,NA
"1790",NA,NA
"1791",-1.553621,47.218371
"1792",174.885971,-40.900557
"1793",-74.0059413,40.7127837
"1794",-76.3729962,41.2967482
"1795",NA,NA
"1796",NA,NA
"1797",10.451526,51.165691
"1798",NA,NA
"1799",-76.8645464,38.9076426
"1800",NA,NA
"1801",-74.072092,4.7109886
"1802",-70.8226541,43.9653889
"1803",NA,NA
"1804",-95.712891,37.09024
"1805",-90.0489801,35.1495343
"1806",-55.765835,-32.522779
"1807",-0.1277583,51.5073509
"1808",NA,NA
"1809",-71.5375718,43.2081366
"1810",-85.0427257,34.8406339
"1811",-122.6764816,45.5230622
"1812",-112.0567376,33.5042885
"1813",-80.8438287,35.2270964
"1814",NA,NA
"1815",NA,NA
"1816",-71.0588801,42.3600825
"1817",NA,NA
"1818",-114.7420408,44.0682019
"1819",-97.4629119,20.5270592
"1820",-73.3062302,40.7062104
"1821",-81.8661442,28.0582985
"1822",NA,NA
"1823",-82.9000751,32.1656221
"1824",NA,NA
"1825",-82.9000751,32.1656221
"1826",-71.0588801,42.3600825
"1827",55.2707828,25.2048493
"1828",NA,NA
"1829",-106.2800242,43.4113604
"1830",NA,NA
"1831",NA,NA
"1832",-88.7878678,43.7844397
"1833",-87.403445,46.557929
"1834",-2.445184,42.4602985
"1835",NA,NA
"1836",-70.9078346,42.3020647
"1837",-51.92528,-14.235004
"1838",NA,NA
"1839",-0.1277583,51.5073509
"1840",NA,NA
"1841",NA,NA
"1842",-73.8886829,40.6499821
"1843",NA,NA
"1844",-95.712891,37.09024
"1845",NA,NA
"1846",-71.4774291,41.5800945
"1847",4.8625133,52.3733543
"1848",-87.9889543,41.8897519
"1849",NA,NA
"1850",-80.3582261,27.2730492
"1851",-73.087749,41.6032207
"1852",NA,NA
"1853",-118.4014355,33.8622025
"1854",-70.8226541,43.9653889
"1855",52.3721038,55.7185054
"1856",45.9608032,51.5923654
"1857",-46.6333094,-23.5505199
"1858",NA,NA
"1859",-120.7401386,47.7510741
"1860",5.810984,51.0340446
"1861",-80.0819769,26.9450631
"1862",86.0623044,55.3450231
"1863",-120.7401386,47.7510741
"1864",10.451526,51.165691
"1865",-81.706484,30.1660736
"1866",-71.0588801,42.3600825
"1867",NA,NA
"1868",-102.552784,23.634501
"1869",NA,NA
"1870",NA,NA
"1871",140.3043542,36.3453
"1872",77.5945627,12.9715987
"1873",NA,NA
"1874",-71.3824374,42.4072107
"1875",-118.1164613,34.5794343
"1876",NA,NA
"1877",NA,NA
"1878",-91.8318334,35.20105
"1879",-85.6023643,44.3148443
"1880",10.451526,51.165691
"1881",-97.4780954,35.6528323
"1882",NA,NA
"1883",-79.5198696,8.9823792
"1884",NA,NA
"1885",-73.7948516,40.7282239
"1886",-78.6568942,37.4315734
"1887",NA,NA
"1888",NA,NA
"1889",NA,NA
"1890",NA,NA
"1891",NA,NA
"1892",-71.2356113,42.3764852
"1893",-71.5723953,43.1938516
"1894",NA,NA
"1895",NA,NA
"1896",NA,NA
"1897",-71.0588801,42.3600825
"1898",-71.0588801,42.3600825
"1899",NA,NA
"1900",NA,NA
"1901",NA,NA
"1902",NA,NA
"1903",NA,NA
"1904",NA,NA
"1905",NA,NA
"1906",-118.455822,34.0597035
"1907",NA,NA
"1908",NA,NA
"1909",-3.8099803,43.4623057
"1910",-122.4194155,37.7749295
"1911",NA,NA
"1912",NA,NA
"1913",NA,NA
"1914",NA,NA
"1915",NA,NA
"1916",NA,NA
"1917",NA,NA
"1918",NA,NA
"1919",-78.6568942,37.4315734
"1920",NA,NA
"1921",NA,NA
"1922",NA,NA
"1923",-79.0192997,35.7595731
"1924",NA,NA
"1925",-78.9041984,38.4515197
"1926",NA,NA
"1927",NA,NA
"1928",-70.8226541,43.9653889
"1929",NA,NA
"1930",NA,NA
"1931",-102.552784,23.634501
"1932",-80.003098,40.448
"1933",NA,NA
"1934",-158.0089992,21.313149
"1935",NA,NA
"1936",NA,NA
"1937",-81.2452768,42.9849233
"1938",NA,NA
"1939",NA,NA
"1940",-111.0937311,39.3209801
"1941",NA,NA
"1942",NA,NA
"1943",NA,NA
"1944",-78.6809659,35.8387183
"1945",NA,NA
"1946",NA,NA
"1947",NA,NA
"1948",NA,NA
"1949",NA,NA
"1950",-0.3762881,39.4699075
"1951",NA,NA
"1952",NA,NA
"1953",NA,NA
"1954",NA,NA
"1955",NA,NA
"1956",NA,NA
"1957",NA,NA
"1958",119.4327314,-5.1476651
"1959",NA,NA
"1960",NA,NA
"1961",NA,NA
"1962",NA,NA
"1963",NA,NA
"1964",NA,NA
"1965",-1.1743197,52.3555177
"1966",NA,NA
"1967",NA,NA
"1968",-99.9018131,31.9685988
"1969",NA,NA
"1970",NA,NA
"1971",-99.0730182,19.3619918
"1972",NA,NA
"1973",-95.712891,37.09024
"1974",-117.8376937,33.8246585
"1975",-86.1349019,40.2671941
"1976",-71.8022955,42.5834228
"1977",-74.0059413,40.7127837
"1978",-74.0059413,40.7127837
"1979",-81.5157535,27.6648274
"1980",NA,NA
"1981",NA,NA
"1982",NA,NA
"1983",-85.9210899,35.2031373
"1984",NA,NA
"1985",NA,NA
"1986",NA,NA
"1987",NA,NA
"1988",NA,NA
"1989",NA,NA
"1990",-76.6121893,39.2903848
"1991",NA,NA
"1992",NA,NA
"1993",-120.7401386,47.7510741
"1994",NA,NA
"1995",NA,NA
"1996",NA,NA
"1997",NA,NA
"1998",NA,NA
"1999",NA,NA
"2000",76.9904825,29.6856929
"2001",NA,NA
"2002",NA,NA
"2003",NA,NA
"2004",NA,NA
"2005",-122.6764816,45.5230622
"2006",77.2090212,28.6139391
"2007",2.1734035,41.3850639
"2008",-71.0588801,42.3600825
"2009",-79.4101359,43.7057814
"2010",NA,NA
"2011",107.668887,-7.090911
"2012",NA,NA
"2013",NA,NA
"2014",-2.4790306,41.7665972
"2015",NA,NA
"2016",NA,NA
"2017",NA,NA
"2018",NA,NA
"2019",NA,NA
"2020",NA,NA
"2021",11.6906449,48.9623732
"2022",NA,NA
"2023",NA,NA
"2024",NA,NA
"2025",-95.712891,37.09024
"2026",NA,NA
"2027",-0.0980629,51.5498969
"2028",NA,NA
"2029",NA,NA
"2030",NA,NA
"2031",NA,NA
"2032",NA,NA
"2033",NA,NA
"2034",-51.92528,-14.235004
"2035",-2.49096,57.053856
"2036",NA,NA
"2037",NA,NA
"2038",NA,NA
"2039",NA,NA
"2040",NA,NA
"2041",NA,NA
"2042",NA,NA
"2043",NA,NA
"2044",NA,NA
"2045",NA,NA
"2046",NA,NA
"2047",NA,NA
"2048",NA,NA
"2049",NA,NA
"2050",NA,NA
"2051",NA,NA
"2052",NA,NA
"2053",NA,NA
"2054",NA,NA
"2055",NA,NA
"2056",-70.2962408,41.6687897
"2057",NA,NA
"2058",NA,NA
"2059",-71.3824374,42.4072107
"2060",NA,NA
"2061",61.4368431,55.1644419
"2062",NA,NA
"2063",NA,NA
"2064",NA,NA
"2065",NA,NA
"2066",-92.2895948,34.7464809
"2067",NA,NA
"2068",NA,NA
"2069",NA,NA
"2070",NA,NA
"2071",NA,NA
"2072",NA,NA
"2073",NA,NA
"2074",NA,NA
"2075",-81.0998342,32.0835407
"2076",-75.7134928,45.4076018
"2077",NA,NA
"2078",NA,NA
"2079",NA,NA
"2080",NA,NA
"2081",19.503304,47.162494
"2082",NA,NA
"2083",-71.0022705,42.2528772
"2084",-82.5691459,35.5902087
"2085",NA,NA
"2086",NA,NA
"2087",NA,NA
"2088",NA,NA
"2089",NA,NA
"2090",10.451526,51.165691
"2091",NA,NA
"2092",120.6199895,15.079409
"2093",NA,NA
"2094",-84.5499327,33.952602
"2095",-82.9000751,32.1656221
"2096",-3.7033725,40.4162883
"2097",-84.3879824,33.7489954
"2098",-84.3879824,33.7489954
"2099",-84.3879824,33.7489954
"2100",-1.831672,52.681602
"2101",-96.7132304,17.0542297
"2102",-74.0059413,40.7127837
"2103",-95.3698028,29.7604267
"2104",-90.0715323,29.9510658
"2105",-82.9000751,32.1656221
"2106",-74.0059413,40.7127837
"2107",-90.0715323,29.9510658
"2108",-86.692964,36.2051248
"2109",-82.2542834,34.7370639
"2110",-97.1330683,33.2148412
"2111",NA,NA
"2112",NA,NA
"2113",-84.3879824,33.7489954
"2114",NA,NA
"2115",NA,NA
"2116",-121.9400478,37.2793109
"2117",NA,NA
"2118",NA,NA
"2119",NA,NA
"2120",-84.3879824,33.7489954
"2121",NA,NA
"2122",-84.3879824,33.7489954
"2123",NA,NA
"2124",-118.2436849,34.0522342
"2125",NA,NA
"2126",-84.3879824,33.7489954
"2127",-99.9018131,31.9685988
"2128",-84.4907621,34.2367621
"2129",NA,NA
"2130",-84.3879824,33.7489954
"2131",NA,NA
"2132",NA,NA
"2133",NA,NA
"2134",-86.7816016,36.1626638
"2135",NA,NA
"2136",-79.0192997,35.7595731
"2137",11.0796553,49.4254092
"2138",NA,NA
"2139",NA,NA
"2140",-74.0059413,40.7127837
"2141",-84.3640829,33.7589188
"2142",-77.0368707,38.9071923
"2143",NA,NA
"2144",NA,NA
"2145",NA,NA
"2146",-73.2519376,40.8212188
"2147",NA,NA
"2148",-95.712891,37.09024
"2149",-83.2523765,32.286281
"2150",NA,NA
"2151",-84.3879824,33.7489954
"2152",-90.1528519,29.9840922
"2153",-97.9413941,29.8832749
"2154",NA,NA
"2155",-155.5827818,19.8967662
"2156",-91.6281516,42.0236421
"2157",-84.3879824,33.7489954
"2158",NA,NA
"2159",-84.3879824,33.7489954
"2160",-84.3879824,33.7489954
"2161",NA,NA
"2162",-80.8431267,35.2270869
"2163",NA,NA
"2164",NA,NA
"2165",NA,NA
"2166",NA,NA
"2167",NA,NA
"2168",0.0186555,5.7089238
"2169",-84.4133272,33.7498792
"2170",NA,NA
"2171",-97.8070986,31.1918878
"2172",NA,NA
"2173",NA,NA
"2174",NA,NA
"2175",-84.3879824,33.7489954
"2176",-88.0398912,30.6953657
"2177",NA,NA
"2178",NA,NA
"2179",-84.4277001,33.6407282
"2180",-74.0059413,40.7127837
"2181",-84.3879824,33.7489954
"2182",-84.3879824,33.7489954
"2183",-84.3879824,33.7489954
"2184",NA,NA
"2185",-1.553621,47.218371
"2186",NA,NA
"2187",-82.9000751,32.1656221
"2188",-84.3879824,33.7489954
"2189",NA,NA
"2190",-1.5842109,51.7613476
"2191",-0.8094705,51.8137073
"2192",-82.9000751,32.1656221
"2193",55.2707828,25.2048493
"2194",-106.2800242,43.4113604
"2195",-87.403445,46.557929
"2196",-2.445184,42.4602985
"2197",NA,NA
"2198",4.8625133,52.3733543
"2199",-87.9889543,41.8897519
"2200",-84.3879824,33.7489954
"2201",10.5881804,49.9873929
"2202",-98.8705717,30.2743349
"2203",-95.6160549,30.0971621
"2204",NA,NA
"2205",NA,NA
"2206",-90.0715323,29.9510658
"2207",NA,NA
"2208",NA,NA
"2209",NA,NA
"2210",NA,NA
"2211",NA,NA
"2212",NA,NA
"2213",-122.4194155,37.7749295
"2214",NA,NA
"2215",-102.552784,23.634501
"2216",-83.5084973,31.4504629
"2217",NA,NA
"2218",NA,NA
"2219",11.0796553,49.4254092
"2220",-0.3762881,39.4699075
"2221",NA,NA
"2222",NA,NA
"2223",NA,NA
"2224",NA,NA
"2225",NA,NA
"2226",NA,NA
"2227",NA,NA
"2228",-80.3192295,40.7520097
"2229",NA,NA
"2230",NA,NA
"2231",-3.8080783,53.0711149
"2232",NA,NA
"2233",76.9904825,29.6856929
"2234",NA,NA
"2235",2.1734035,41.3850639
"2236",-2.4790306,41.7665972
"2237",NA,NA
"2238",NA,NA
"2239",NA,NA
"2240",NA,NA
"2241",NA,NA
"2242",NA,NA
"2243",NA,NA
"2244",NA,NA
"2245",NA,NA
"2246",NA,NA
"2247",NA,NA
"2248",NA,NA
"2249",NA,NA
"2250",NA,NA
"2251",-117.2801001,47.65042
"2252",NA,NA
"2253",NA,NA
"2254",NA,NA
"2255",NA,NA
"2256",NA,NA
"2257",NA,NA
"2258",NA,NA
"2259",NA,NA
"2260",NA,NA
"2261",NA,NA
"2262",-95.712891,37.09024
"2263",-81.1637245,33.836081
"2264",NA,NA
"2265",NA,NA
"2266",-104.990251,39.7392358
"2267",-74.0059413,40.7127837
"2268",NA,NA
"2269",NA,NA
"2270",-81.5157535,27.6648274
"2271",-118.2436849,34.0522342
"2272",6.643179,44.899416
"2273",-84.3879824,33.7489954
"2274",-116.419389,34.9592083
"2275",-117.0625658,32.7536502
"2276",NA,NA
"2277",-117.3961564,33.9533487
"2278",NA,NA
"2279",-117.1610838,32.715738
"2280",NA,NA
"2281",-73.8648268,40.8447819
"2282",-103.207709,40.6255415
"2283",-105.0010535,39.7507596
"2284",NA,NA
"2285",NA,NA
"2286",NA,NA
"2287",NA,NA
"2288",NA,NA
"2289",NA,NA
"2290",NA,NA
"2291",-115.1126525,35.9631135
"2292",NA,NA
"2293",-84.6604899,33.7939953
"2294",-95.712891,37.09024
"2295",-84.170196,33.8081608
"2296",-82.0105148,33.4734978
"2297",-105.7820674,39.5500507
"2298",NA,NA
"2299",-71.0588801,42.3600825
"2300",-73.935989,40.755182
"2301",NA,NA
"2302",-117.3794834,33.1958696
"2303",-104.8213634,38.8338816
"2304",-117.435048,34.0922335
"2305",NA,NA
"2306",NA,NA
"2307",NA,NA
"2308",NA,NA
"2309",NA,NA
"2310",-81.6035062,30.3500511
"2311",NA,NA
"2312",NA,NA
"2313",-89.992066,30.028238
"2314",NA,NA
"2315",-77.8600012,40.7933949
"2316",NA,NA
"2317",-117.8311428,33.7174708
"2318",-79.8583721,36.5768046
"2319",NA,NA
"2320",NA,NA
"2321",NA,NA
"2322",NA,NA
"2323",-74.0059413,40.7127837
"2324",-99.9018131,41.4925374
"2325",-82.9000751,32.1656221
"2326",NA,NA
"2327",-77.032522,-12.073236
"2328",-122.6764816,45.5230622
"2329",-95.6691277,32.1679321
"2330",-83.9811014,34.1140497
"2331",-118.2436849,34.0522342
"2332",NA,NA
"2333",NA,NA
"2334",-74.4173877,40.8652865
"2335",NA,NA
"2336",NA,NA
"2337",2.213749,46.227638
"2338",-84.4277001,33.6407282
"2339",NA,NA
"2340",NA,NA
"2341",-119.4179324,36.778261
"2342",NA,NA
"2343",-84.3879824,33.7489954
"2344",NA,NA
"2345",-91.9623327,30.9842977
"2346",-95.712891,37.09024
"2347",-96.6851982,40.8257625
"2348",-91.1403196,30.4582829
"2349",-84.3879824,33.7489954
"2350",NA,NA
"2351",-8.4054431,43.3649533
"2352",-83.555212,41.6639383
"2353",-90.0489801,35.1495343
"2354",-90.0743769,29.948954
"2355",-80.9898128,34.019322
"2356",NA,NA
"2357",-74.1502007,40.5795317
"2358",-89.3985283,32.3546679
"2359",-88.7878678,43.7844397
"2360",-90.1994042,38.6270025
"2361",NA,NA
"2362",NA,NA
"2363",-74.0059413,40.7127837
"2364",-95.3698028,29.7604267
"2365",82.6645469,26.5432647
"2366",-97.973434,27.9875724
"2367",-73.9841161,40.7317696
"2368",-6.405957,53.9979451
"2369",-111.0937311,34.0489281
"2370",NA,NA
"2371",NA,NA
"2372",NA,NA
"2373",NA,NA
"2374",-82.9000751,32.1656221
"2375",-99.9018131,31.9685988
"2376",NA,NA
"2377",-88.2762026,42.6780726
"2378",-106.7636538,32.3199396
"2379",-84.5143761,33.8839926
"2380",NA,NA
"2381",-84.4907621,34.2367621
"2382",-77.0368707,38.9071923
"2383",NA,NA
"2384",-82.0756734,33.5173577
"2385",-84.5613355,39.3995008
"2386",-84.3879824,33.7489954
"2387",-112.0740373,33.4483771
"2388",-112.0740373,33.4483771
"2389",-84.0167423,33.9190653
"2390",NA,NA
"2391",NA,NA
"2392",-71.3102482,42.6195236
"2393",-121.8863286,37.3382082
"2394",-118.2436849,34.0522342
"2395",-106.346771,56.130366
"2396",-80.9898128,34.019322
"2397",-88.8853078,30.3960318
"2398",-121.8863286,37.3382082
"2399",NA,NA
"2400",NA,NA
"2401",-83.555212,41.6639383
"2402",-90.0715323,29.9510658
"2403",-71.4128343,41.8239891
"2404",-71.691066,41.9043113
"2405",NA,NA
"2406",NA,NA
"2407",NA,NA
"2408",NA,NA
"2409",NA,NA
"2410",-90.188701,30.0006167
"2411",-84.3879824,33.7489954
"2412",NA,NA
"2413",NA,NA
"2414",NA,NA
"2415",-84.3213409,33.7509329
"2416",-90.0715323,29.9510658
"2417",-75.1652215,39.9525839
"2418",-79.532157,43.8169837
"2419",-76.9455296,38.8140024
"2420",NA,NA
"2421",-75.5149128,40.1303822
"2422",NA,NA
"2423",-106.6055534,35.0853336
"2424",-71.1502397,42.7029343
"2425",-77.8081467,40.8325455
"2426",NA,NA
"2427",-86.158068,39.768403
"2428",-75.1652215,39.9525839
"2429",-84.3879824,33.7489954
"2430",-86.5804473,35.5174913
"2431",NA,NA
"2432",NA,NA
"2433",-111.8314724,33.4151843
"2434",-80.8431267,35.2270869
"2435",-80.8431267,35.2270869
"2436",-87.7319495,41.7306407
"2437",-119.4179324,36.778261
"2438",-91.1403196,30.4582829
"2439",NA,NA
"2440",-83.357567,33.9519347
"2441",-73.087749,41.6032207
"2442",NA,NA
"2443",NA,NA
"2444",NA,NA
"2445",22.3585552,40.0884128
"2446",-84.5149504,39.1329219
"2447",NA,NA
"2448",107.4462717,-6.5406665
"2449",NA,NA
"2450",NA,NA
"2451",NA,NA
"2452",NA,NA
"2453",-74.4056612,40.0583238
"2454",NA,NA
"2455",NA,NA
"2456",-74.0059413,40.7127837
"2457",-74.7206894,40.0727889
"2458",NA,NA
"2459",-82.9000751,32.1656221
"2460",-106.6630437,35.2327544
"2461",NA,NA
"2462",NA,NA
"2463",-117.1610838,32.715738
"2464",-82.8670839,34.1112226
"2465",NA,NA
"2466",-73.087749,41.6032207
"2467",-95.712891,37.09024
"2468",-83.1765333,35.3137111
"2469",-121.8746789,37.6624312
"2470",NA,NA
"2471",NA,NA
"2472",NA,NA
"2473",-71.0905626,42.3618641
"2474",-75.4751457,40.6010681
"2475",-84.5499327,33.952602
"2476",NA,NA
"2477",NA,NA
"2478",-80.1494901,26.0112014
"2479",NA,NA
"2480",-97.2873176,32.9497155
"2481",-121.9232879,36.5552386
"2482",NA,NA
"2483",NA,NA
"2484",NA,NA
"2485",NA,NA
"2486",NA,NA
"2487",-82.4571776,27.950575
"2488",NA,NA
"2489",-70.6619888,42.6159285
"2490",-89.3985283,32.3546679
"2491",NA,NA
"2492",NA,NA
"2493",-105.1019275,40.1672068
"2494",NA,NA
"2495",-81.1025918,37.3662293
"2496",NA,NA
"2497",NA,NA
"2498",NA,NA
"2499",NA,NA
"2500",-0.1277583,51.5073509
"2501",-85.0322444,33.0362218
"2502",NA,NA
"2503",NA,NA
"2504",-71.3824374,42.4072107
"2505",-106.6055534,35.0853336
"2506",NA,NA
"2507",NA,NA
"2508",NA,NA
"2509",NA,NA
"2510",NA,NA
"2511",NA,NA
"2512",-92.1476353,32.5184775
"2513",-111.9400054,33.4255104
"2514",-64.7782313,46.0878165
"2515",-86.158068,39.768403
"2516",NA,NA
"2517",NA,NA
"2518",NA,NA
"2519",-71.0040013,42.2079017
"2520",NA,NA
"2521",-71.2478251,42.0653812
"2522",-84.1446376,34.0028786
"2523",-122.342388,47.611072
"2524",NA,NA
"2525",-84.0043513,34.1206564
"2526",-82.5370781,27.9834776
"2527",-106.6055534,35.0853336
"2528",NA,NA
"2529",NA,NA
"2530",-106.6129085,35.0433333
"2531",-74.0059413,40.7127837
"2532",-71.4372796,41.7798226
"2533",-84.3879824,33.7489954
"2534",NA,NA
"2535",-84.4493725,33.6534427
"2536",NA,NA
"2537",NA,NA
"2538",-84.3365917,33.8651033
"2539",NA,NA
"2540",NA,NA
"2541",NA,NA
"2542",-77.1945247,41.2033216
"2543",-79.532157,43.8169837
"2544",NA,NA
"2545",-84.7999382,34.1650972
"2546",-71.0602131,42.3782065
"2547",NA,NA
"2548",NA,NA
"2549",NA,NA
"2550",-75.977985,36.8529263
"2551",-84.198579,34.0289259
"2552",-96.8828403,31.1046662
"2553",NA,NA
"2554",-122.3320708,47.6062095
"2555",-82.907123,40.4172871
"2556",-90.1055405,30.0066205
"2557",-84.3879824,33.7489954
"2558",NA,NA
"2559",-84.1401926,34.2073196
"2560",-79.532157,43.8169837
"2561",-74.0059413,40.7127837
"2562",NA,NA
"2563",-90.0715323,29.9510658
"2564",-80.6692352,35.0768141
"2565",-90.0715323,29.9510658
"2566",-77.438898,43.214231
"2567",NA,NA
"2568",121.055068,14.546795
"2569",NA,NA
"2570",-90.0715323,29.9510658
"2571",-80.1222671,25.9650919
"2572",-73.134961,40.789142
"2573",-43.1728965,-22.9068467
"2574",NA,NA
"2575",NA,NA
"2576",-84.5193754,34.1014873
"2577",-79.532157,43.8169837
"2578",-95.712891,37.09024
"2579",NA,NA
"2580",-84.4493725,33.6534427
"2581",NA,NA
"2582",NA,NA
"2583",-80.2933838,36.2404158
"2584",NA,NA
"2585",NA,NA
"2586",NA,NA
"2587",-91.7857092,43.3033056
"2588",NA,NA
"2589",NA,NA
"2590",NA,NA
"2591",-86.7816016,36.1626638
"2592",NA,NA
"2593",-85.7584557,38.2526647
"2594",NA,NA
"2595",-84.3879824,33.7489954
"2596",NA,NA
"2597",NA,NA
"2598",NA,NA
"2599",NA,NA
"2600",-83.9811014,34.1140497
"2601",-89.7811745,30.2751945
"2602",-90.0715323,29.9510658
"2603",-82.9987942,39.9611755
"2604",34.887783,31.3238993
"2605",-84.4734171,33.6186731
"2606",-84.3879824,33.7489954
"2607",-95.5251503,29.607046
"2608",NA,NA
"2609",-111.5932552,40.6210616
"2610",NA,NA
"2611",-95.3698028,29.7604267
"2612",-74.0059413,40.7127837
"2613",-104.8730088,39.8675693
"2614",-84.3666825,33.7548472
"2615",NA,NA
"2616",-95.0949303,29.5074538
"2617",-3.435973,55.378051
"2618",NA,NA
"2619",NA,NA
"2620",NA,NA
"2621",2.3522219,48.856614
"2622",-83.7201709,33.9926097
"2623",NA,NA
"2624",-78.3534145,37.8431142
"2625",-84.3879824,33.7489954
"2626",NA,NA
"2627",-117.9289469,33.6189101
"2628",NA,NA
"2629",-73.134961,40.789142
"2630",NA,NA
"2631",NA,NA
"2632",-84.0043513,34.1206564
"2633",-79.3831843,43.653226
"2634",NA,NA
"2635",NA,NA
"2636",-71.0588801,42.3600825
"2637",-90.0715323,29.9510658
"2638",NA,NA
"2639",NA,NA
"2640",-70.1547006,41.6928112
"2641",-80.1917902,25.7616798
"2642",-90.0749949,29.9305243
"2643",-95.3697079,29.7854469
"2644",-84.3640829,33.7589188
"2645",NA,NA
"2646",-74.4056612,40.0583238
"2647",-121.9999606,37.8215929
"2648",-90.0715323,29.9510658
"2649",NA,NA
"2650",-84.3879824,33.7489954
"2651",31.2357116,30.0444196
"2652",-77.4360481,37.5407246
"2653",-84.4277001,33.6407282
"2654",-105.0988763,40.5664755
"2655",NA,NA
"2656",-95.169399,29.4375697
"2657",-76.6412712,39.0457549
"2658",-84.3879824,33.7489954
"2659",-84.3879824,33.7489954
"2660",NA,NA
"2661",NA,NA
"2662",-74.0059413,40.7127837
"2663",-84.5499327,33.952602
"2664",-79.7919754,36.0726354
"2665",-79.0192997,35.7595731
"2666",NA,NA
"2667",NA,NA
"2668",NA,NA
"2669",-97.7430608,30.267153
"2670",-84.4493725,33.6534427
"2671",-71.0588801,42.3600825
"2672",NA,NA
"2673",NA,NA
"2674",-90.7197143,30.0110809
"2675",-119.0187125,35.3732921
"2676",-75.0926738,39.8784465
"2677",NA,NA
"2678",-97.1080656,32.735687
"2679",-71.0772796,42.7762015
"2680",-82.3484618,31.7782514
"2681",-82.8718084,32.548222
"2682",NA,NA
"2683",-120.8958242,38.8375215
"2684",-73.2928943,40.8428759
"2685",-86.6715948,36.0597177
"2686",-84.435529,39.143779
"2687",NA,NA
"2688",-80.347009,41.0036719
"2689",17.0321193,59.3774523
"2690",-122.2975124,47.8458036
"2691",NA,NA
"2692",-88.7878678,43.7844397
"2693",-74.1454214,40.7684342
"2694",-88.0803051,44.5623531
"2695",-85.5872286,42.2917069
"2696",NA,NA
"2697",-85.4951663,32.5933574
"2698",-71.3824374,42.4072107
"2699",-84.3879824,33.7489954
"2700",NA,NA
"2701",-88.019826,44.519159
"2702",NA,NA
"2703",-0.2376744,51.8097823
"2704",NA,NA
"2705",NA,NA
"2706",-91.9623327,30.9842977
"2707",-94.5785667,39.0997265
"2708",NA,NA
"2709",NA,NA
"2710",NA,NA
"2711",-81.9699972,34.9956099
"2712",NA,NA
"2713",NA,NA
"2714",NA,NA
"2715",-89.4012302,43.0730517
"2716",NA,NA
"2717",-90.0715323,29.9510658
"2718",-86.80249,33.5206608
"2719",-90.0715323,29.9510658
"2720",-77.6109219,43.16103
"2721",-78.8783689,42.8864468
"2722",-77.6109219,43.16103
"2723",NA,NA
"2724",-90.0715323,29.9510658
"2725",-74.7909125,40.2599864
"2726",NA,NA
"2727",NA,NA
"2728",NA,NA
"2729",NA,NA
"2730",NA,NA
"2731",NA,NA
"2732",-73.7868236,42.9854395
"2733",-84.0043513,34.1206564
"2734",NA,NA
"2735",NA,NA
"2736",-73.9441579,40.6781784
"2737",-80.1373174,26.1224386
"2738",-75.0926738,39.8784465
"2739",-75.0926738,39.8784465
"2740",-75.1652215,39.9525839
"2741",-87.9064736,43.0389025
"2742",-118.2436849,34.0522342
"2743",-95.3698028,29.7604267
"2744",-91.1403196,30.4582829
"2745",-98.4936282,29.4241219
"2746",NA,NA
"2747",-90.0715323,29.9510658
"2748",NA,NA
"2749",NA,NA
"2750",-77.1527578,39.0839973
"2751",-74.0059413,40.7127837
"2752",-90.2378847,34.8241549
"2753",138.8397403,-34.3907293
"2754",-84.4277001,33.6407282
"2755",-95.3698028,29.7604267
"2756",-89.0438889,30.381667
"2757",NA,NA
"2758",NA,NA
"2759",NA,NA
"2760",-95.6053679,36.3216172
"2761",-90.7195348,29.5957696
"2762",-119.6854939,34.4098902
"2763",NA,NA
"2764",-66.1057355,18.4655394
"2765",-87.9064736,43.0389025
"2766",NA,NA
"2767",NA,NA
"2768",-84.5428711,34.0825545
"2769",-111.8910474,40.7607793
"2770",-111.90041,40.655912
"2771",6.6407109,43.2676808
"2772",NA,NA
"2773",NA,NA
"2774",-85.3096801,35.0456297
"2775",45.079162,23.885942
"2776",NA,NA
"2777",16.3738189,48.2081743
"2778",-79.0192997,35.7595731
"2779",-1.5490774,53.8007554
"2780",NA,NA
"2781",-87.1213953,35.9820074
"2782",-74.0059413,40.7127837
"2783",-76.6412712,39.0457549
"2784",-84.3879824,33.7489954
"2785",-74.072092,4.7109886
"2786",NA,NA
"2787",-74.4056612,40.0583238
"2788",2.3522219,48.856614
"2789",NA,NA
"2790",NA,NA
"2791",NA,NA
"2792",-0.57918,44.837789
"2793",NA,NA
"2794",-9.1393366,38.7222524
"2795",-95.3698028,29.7604267
"2796",-96.8744532,40.8867074
"2797",-73.4081575,41.117744
"2798",NA,NA
"2799",-86.2519898,41.6763545
"2800",-119.6893431,34.4200618
"2801",NA,NA
"2802",NA,NA
"2803",NA,NA
"2804",-37.9447996,-11.7956851
"2805",2.3522219,48.856614
"2806",-102.552784,23.634501
"2807",NA,NA
"2808",-79.3871212,43.645266
"2809",NA,NA
"2810",NA,NA
"2811",-87.6297982,41.8781136
"2812",NA,NA
"2813",-121.8938583,39.0743383
"2814",NA,NA
"2815",121.918866,11.9804331
"2816",19.145136,51.919438
"2817",14.995463,46.151241
"2818",NA,NA
"2819",13.3487801,52.5041218
"2820",NA,NA
"2821",NA,NA
"2822",NA,NA
"2823",NA,NA
"2824",-56.7295415,-2.6377821
"2825",-74.0059413,40.7127837
"2826",-99.9018131,31.9685988
"2827",NA,NA
"2828",NA,NA
"2829",NA,NA
"2830",-122.4194155,37.7749295
"2831",-118.2436849,34.0522342
"2832",NA,NA
"2833",NA,NA
"2834",0.263695,51.132377
"2835",NA,NA
"2836",NA,NA
"2837",-81.43111,28.530406
"2838",-83.9811014,34.1140497
"2839",NA,NA
"2840",-122.3857107,37.6741357
"2841",NA,NA
"2842",NA,NA
"2843",2.213749,46.227638
"2844",NA,NA
"2845",25.748151,61.92411
"2846",-105.7820674,39.5500507
"2847",NA,NA
"2848",35.862285,33.854721
"2849",NA,NA
"2850",NA,NA
"2851",-122.3502702,47.7862093
"2852",NA,NA
"2853",NA,NA
"2854",NA,NA
"2855",-51.92528,-14.235004
"2856",-75.015152,-9.189967
"2857",-106.0691004,28.6329957
"2858",-3.74922,40.463667
"2859",NA,NA
"2860",NA,NA
"2861",-74.4056612,40.0583238
"2862",NA,NA
"2863",-2.893075,53.193392
"2864",-95.3698028,29.7604267
"2865",NA,NA
"2866",-44.610684,-21.2205255
"2867",100.5017651,13.7563309
"2868",27.142826,38.423734
"2869",NA,NA
"2870",NA,NA
"2871",-70.9915997,42.4136428
"2872",NA,NA
"2873",-74.0059413,40.7127837
"2874",NA,NA
"2875",-80.2781057,25.8575963
"2876",-110.5794014,28.8026584
"2877",100.3684595,6.1183964
"2878",NA,NA
"2879",-83.9207392,35.9606384
"2880",NA,NA
"2881",-81.8691228,28.7391313
"2882",NA,NA
"2883",99.9631354,8.4304054
"2884",NA,NA
"2885",NA,NA
"2886",0.263695,51.132377
"2887",0.263695,51.132377
"2888",NA,NA
"2889",113.921327,-0.789275
"2890",NA,NA
"2891",100.992541,15.870032
"2892",-69.4454689,45.253783
"2893",NA,NA
"2894",-0.57918,44.837789
"2895",NA,NA
"2896",-94.2686378,46.3483626
"2897",NA,NA
"2898",NA,NA
"2899",-94.2020084,46.3526733
"2900",-71.0969415,42.3730594
"2901",9.1859243,45.4654219
"2902",NA,NA
"2903",NA,NA
"2904",-47.8102452,-21.170511
"2905",NA,NA
"2906",NA,NA
"2907",13.1913383,32.8872094
"2908",-94.5785667,39.0997265
"2909",-118.2436849,34.0522342
"2910",-94.2020084,46.3526733
"2911",-34.8828969,-8.0578381
"2912",NA,NA
"2913",-98.480268,29.517375
"2914",NA,NA
"2915",NA,NA
"2916",NA,NA
"2917",NA,NA
"2918",100.5017651,13.7563309
"2919",NA,NA
"2920",NA,NA
"2921",NA,NA
"2922",NA,NA
"2923",NA,NA
"2924",-1.427406,54.999424
"2925",NA,NA
"2926",2.213749,46.227638
"2927",-119.4179324,36.778261
"2928",-43.1728965,-22.9068467
"2929",NA,NA
"2930",NA,NA
"2931",NA,NA
"2932",NA,NA
"2933",NA,NA
"2934",2.213749,46.227638
"2935",NA,NA
"2936",32.650351,39.9310354
"2937",NA,NA
"2938",NA,NA
"2939",9.537499,33.886917
"2940",-119.4179324,36.778261
"2941",8.468946,60.472024
"2942",NA,NA
"2943",NA,NA
"2944",NA,NA
"2945",NA,NA
"2946",NA,NA
"2947",NA,NA
"2948",104.8921668,11.5448729
"2949",NA,NA
"2950",NA,NA
"2951",-95.712891,37.09024
"2952",-3.74922,40.463667
"2953",NA,NA
"2954",-115.680013,43.0703283
"2955",NA,NA
"2956",-79.3831843,43.653226
"2957",NA,NA
"2958",-42.1770246,-18.4708148
"2959",NA,NA
"2960",-95.712891,37.09024
"2961",100.992541,15.870032
"2962",-79.3831843,43.653226
"2963",113.921327,-0.789275
"2964",NA,NA
"2965",-94.2223283,45.7529003
"2966",NA,NA
"2967",NA,NA
"2968",NA,NA
"2969",NA,NA
"2970",NA,NA
"2971",NA,NA
"2972",NA,NA
"2973",-84.2999663,45.4535312
"2974",NA,NA
"2975",-7.8627308,38.0153039
"2976",-37.5396593,-6.1893013
"2977",NA,NA
"2978",-119.4179324,36.778261
"2979",NA,NA
"2980",-3.74922,40.463667
"2981",NA,NA
"2982",100.5017651,13.7563309
"2983",NA,NA
"2984",NA,NA
"2985",NA,NA
"2986",NA,NA
"2987",NA,NA
"2988",-97.307347,30.097643
"2989",NA,NA
"2990",NA,NA
"2991",NA,NA
"2992",98.3380884,7.9519331
"2993",35.243322,38.963745
"2994",2.213749,46.227638
"2995",NA,NA
"2996",17.8947989,49.9406598
"2997",100.5017651,13.7563309
"2998",-3.9878427,43.1828396
"2999",-80.4831917,43.450301
"3000",NA,NA
"3001",NA,NA
"3002",10.5881804,49.9873929
"3003",NA,NA
"3004",NA,NA
"3005",-80.669882,40.988638
"3006",-99.1712821,19.4121597
"3007",102.5174734,12.2427563
"3008",NA,NA
"3009",101.686855,3.139003
"3010",2.1734035,41.3850639
"3011",100.992541,15.870032
"3012",88.363895,22.572646
"3013",NA,NA
"3014",NA,NA
"3015",NA,NA
"3016",NA,NA
"3017",NA,NA
"3018",NA,NA
"3019",NA,NA
"3020",NA,NA
"3021",NA,NA
"3022",NA,NA
"3023",NA,NA
"3024",NA,NA
"3025",NA,NA
"3026",NA,NA
"3027",NA,NA
"3028",NA,NA
"3029",NA,NA
"3030",NA,NA
"3031",NA,NA
"3032",NA,NA
"3033",NA,NA
"3034",NA,NA
"3035",NA,NA
"3036",NA,NA
"3037",NA,NA
"3038",NA,NA
"3039",NA,NA
"3040",NA,NA
"3041",NA,NA
"3042",NA,NA
"3043",78.96288,20.593684
"3044",88.3821966,22.5377134
"3045",103.819836,1.352083
"3046",NA,NA
"3047",NA,NA
"3048",NA,NA
"3049",NA,NA
"3050",30.1044288,-1.9705786
"3051",101.0779596,13.6904194
"3052",100.5017651,13.7563309
"3053",NA,NA
"3054",NA,NA
"3055",NA,NA
"3056",NA,NA
"3057",NA,NA
"3058",NA,NA
"3059",NA,NA
"3060",99.5226618,16.4827798
"3061",NA,NA
"3062",NA,NA
"3063",NA,NA
"3064",NA,NA
"3065",-118.2436849,34.0522342
"3066",NA,NA
"3067",NA,NA
"3068",28.2292712,-25.7478676
"3069",-3.435973,55.378051
"3070",NA,NA
"3071",NA,NA
"3072",NA,NA
"3073",NA,NA
"3074",120.3014353,22.6272784
"3075",NA,NA
"3076",NA,NA
"3077",-88.698362,32.368129
"3078",NA,NA
"3079",-106.346771,56.130366
"3080",-70.9915997,42.4136428
"3081",NA,NA
"3082",NA,NA
"3083",-118.3783347,34.0931603
"3084",72.8776559,19.0759837
"3085",NA,NA
"3086",NA,NA
"3087",NA,NA
"3088",90.4125181,23.810332
"3089",NA,NA
"3090",NA,NA
"3091",NA,NA
"3092",NA,NA
"3093",NA,NA
"3094",NA,NA
"3095",NA,NA
"3096",-113.4909267,53.544389
"3097",NA,NA
"3098",NA,NA
"3099",NA,NA
"3100",-51.92528,-14.235004
"3101",125.6460784,7.1287641
"3102",NA,NA
"3103",NA,NA
"3104",-50.9907877,-29.942289
"3105",NA,NA
"3106",36.8219462,-1.2920659
"3107",-118.1170117,33.8816818
"3108",NA,NA
"3109",78.96288,20.593684
"3110",NA,NA
"3111",-76.4730122,37.0870821
"3112",-82.9754649,40.8083909
"3113",35.862285,33.854721
"3114",NA,NA
"3115",NA,NA
"3116",-79.9310512,32.7764749
"3117",-83.985,42.43472
"3118",106.6779503,10.3674065
"3119",NA,NA
"3120",NA,NA
"3121",NA,NA
"3122",126.9779692,37.566535
"3123",-47.8821658,-15.7942287
"3124",-99.1013498,18.6813049
"3125",55.166667,25.216667
"3126",-63.616672,-38.416097
"3127",-66.590149,18.220833
"3128",4.0744009,48.2973451
"3129",NA,NA
"3130",-76.2710833,-12.2720956
"3131",NA,NA
"3132",-118.2436849,34.0522342
"3133",NA,NA
"3134",NA,NA
"3135",-51.92528,-14.235004
"3136",-51.92528,-14.235004
"3137",-118.4694832,33.9850469
"3138",-90.0587224,35.1350666
"3139",19.699024,48.669026
"3140",-73.9896272,40.7673195
"3141",NA,NA
"3142",-122.4194155,37.7749295
"3143",NA,NA
"3144",NA,NA
"3145",NA,NA
"3146",NA,NA
"3147",-43.9344931,-19.9166813
"3148",NA,NA
"3149",-81.3792365,28.5383355
"3150",-118.2436849,34.0522342
"3151",98.6722227,3.5951956
"3152",NA,NA
"3153",NA,NA
"3154",NA,NA
"3155",NA,NA
"3156",NA,NA
"3157",-87.9358931,41.7697533
"3158",-106.4245478,31.6903638
"3159",-118.2436849,34.0522342
"3160",NA,NA
"3161",-3.74922,40.463667
"3162",NA,NA
"3163",-3.74922,40.463667
"3164",-51.3930254,-22.121114
"3165",-51.92528,-14.235004
"3166",-76.980549,38.9038899
"3167",-43.4607419,-22.7561319
"3168",-119.4179324,36.778261
"3169",-49.1331046,-5.3811326
"3170",-79.0558445,35.9131996
"3171",NA,NA
"3172",NA,NA
"3173",NA,NA
"3174",NA,NA
"3175",-74.297333,4.570868
"3176",NA,NA
"3177",-73.9914259,40.7474692
"3178",NA,NA
"3179",41.5260976,58.4807811
"3180",NA,NA
"3181",NA,NA
"3182",NA,NA
"3183",NA,NA
"3184",-85.207229,12.865416
"3185",-73.9417735,40.6872176
"3186",NA,NA
"3187",NA,NA
"3188",5.8372264,51.8125626
"3189",NA,NA
"3190",-75.5812119,6.244203
"3191",-6.3722951,39.4752671
"3192",-90.0715323,29.9510658
"3193",NA,NA
"3194",NA,NA
"3195",-64.1887761,-31.4200833
"3196",NA,NA
"3197",-73.9914259,40.7474692
"3198",NA,NA
"3199",NA,NA
"3200",NA,NA
"3201",-59.5988089,13.1132219
"3202",30.3794118,-29.6006068
"3203",-76.2858726,36.8507689
"3204",8.468946,60.472024
"3205",-75.4661213,40.6978022
"3206",NA,NA
"3207",NA,NA
"3208",NA,NA
"3209",NA,NA
"3210",NA,NA
"3211",NA,NA
"3212",-3.74922,40.463667
"3213",-79.0192997,35.7595731
"3214",NA,NA
"3215",NA,NA
"3216",NA,NA
"3217",12.4963655,41.9027835
"3218",NA,NA
"3219",NA,NA
"3220",NA,NA
"3221",-58.791382,-34.6340099
"3222",-118.3286614,34.0723327
"3223",NA,NA
"3224",78.96288,20.593684
"3225",-60.0217314,-3.1190275
"3226",-119.0607423,35.2874451
"3227",-94.7976958,29.3013479
"3228",15.2313648,44.119371
"3229",NA,NA
"3230",NA,NA
"3231",NA,NA
"3232",NA,NA
"3233",-39.3206241,-5.4983977
"3234",12.56738,41.87194
"3235",NA,NA
"3236",NA,NA
"3237",NA,NA
"3238",2.3522219,48.856614
"3239",NA,NA
"3240",-3.7037902,40.4167754
"3241",NA,NA
"3242",-38.502304,-12.9730401
"3243",NA,NA
"3244",-2.4801989,42.4653496
"3245",-0.1277583,51.5073509
"3246",-51.92528,-14.235004
"3247",-95.3698028,29.7604267
"3248",-57.5426106,-38.0054771
"3249",NA,NA
"3250",NA,NA
"3251",143.1961031,42.9238989
"3252",NA,NA
"3253",NA,NA
"3254",NA,NA
"3255",10.2118019,45.5415526
"3256",NA,NA
"3257",35.862285,33.854721
"3258",-102.552784,23.634501
"3259",-51.92528,-14.235004
"3260",NA,NA
"3261",NA,NA
"3262",NA,NA
"3263",NA,NA
"3264",-63.616672,-38.416097
"3265",NA,NA
"3266",-74.0059413,40.7127837
"3267",NA,NA
"3268",NA,NA
"3269",-1.1306544,37.9922399
"3270",-94.9224637,39.3111112
"3271",-2.081112,52.512255
"3272",-3.74922,40.463667
"3273",NA,NA
"3274",NA,NA
"3275",12.56738,41.87194
"3276",NA,NA
"3277",-63.616672,-38.416097
"3278",-92.6755669,45.1236113
"3279",-74.0059413,40.7127837
"3280",NA,NA
"3281",138.252924,36.204824
"3282",-43.9344931,-19.9166813
"3283",NA,NA
"3284",NA,NA
"3285",-1.4043509,50.9097004
"3286",-74.0059413,40.7127837
"3287",76.6874701,9.5972586
"3288",-80.4549026,38.5976262
"3289",8.675277,9.081999
"3290",NA,NA
"3291",NA,NA
"3292",NA,NA
"3293",-38.502304,-12.9730401
"3294",-74.0059413,40.7127837
"3295",NA,NA
"3296",101.686855,3.139003
"3297",NA,NA
"3298",-51.92528,-14.235004
"3299",-8.224454,39.399872
"3300",12.56738,41.87194
"3301",-43.0398345,-22.6566022
"3302",NA,NA
"3303",-51.2176584,-30.0346471
"3304",-71.7147951,10.6544509
"3305",-4.2026458,56.4906712
"3306",-0.1277583,51.5073509
"3307",-74.0059413,40.7127837
"3308",100.5017651,13.7563309
"3309",72.8776559,19.0759837
"3310",-80.1917902,25.7616798
"3311",138.252924,36.204824
"3312",NA,NA
"3313",NA,NA
"3314",NA,NA
"3315",NA,NA
"3316",76.3000419,26.986711
"3317",113.921327,-0.789275
"3318",-46.6333094,-23.5505199
"3319",21.824312,39.074208
"3320",NA,NA
"3321",-81.5157535,27.6648274
"3322",-95.712891,37.09024
"3323",NA,NA
"3324",-1.4675216,52.2671353
"3325",-70.9915997,42.4136428
"3326",-95.712891,37.09024
"3327",NA,NA
"3328",NA,NA
"3329",NA,NA
"3330",78.96288,20.593684
"3331",-118.3286614,34.0928092
"3332",101.686855,3.139003
"3333",-51.2176584,-30.0346471
"3334",-75.3835283,40.7194355
"3335",NA,NA
"3336",NA,NA
"3337",-84.5120196,39.1031182
"3338",NA,NA
"3339",NA,NA
"3340",-8.5291423,41.1395599
"3341",-0.57918,44.837789
"3342",NA,NA
"3343",4.835659,45.764043
"3344",NA,NA
"3345",NA,NA
"3346",-49.0009403,-18.1111446
"3347",-112.0077881,33.4372686
"3348",-79.532157,43.8169837
"3349",NA,NA
"3350",101.686855,3.139003
"3351",NA,NA
"3352",-0.4330578,49.1213315
"3353",-95.712891,37.09024
"3354",NA,NA
"3355",-99.133208,19.4326077
"3356",144.963056,-37.813611
"3357",-77.0368707,38.9071923
"3358",NA,NA
"3359",-118.339838,34.170582
"3360",NA,NA
"3361",NA,NA
"3362",-85.6023643,44.3148443
"3363",136.61115,34.9906437
"3364",NA,NA
"3365",10.451526,51.165691
"3366",-8.224454,39.399872
"3367",NA,NA
"3368",-84.3640829,33.7589188
"3369",NA,NA
"3370",NA,NA
"3371",-58.5432951,-34.6352975
"3372",-88.89653,13.794185
"3373",NA,NA
"3374",NA,NA
"3375",121.473701,31.230416
"3376",10.451526,51.165691
"3377",NA,NA
"3378",115.205371,-8.716786
"3379",-1.1743197,52.3555177
"3380",-51.92528,-14.235004
"3381",NA,NA
"3382",NA,NA
"3383",-46.6333094,-23.5505199
"3384",2.213749,46.227638
"3385",3.044099,50.581494
"3386",2.213749,46.227638
"3387",NA,NA
"3388",NA,NA
"3389",NA,NA
"3390",NA,NA
"3391",NA,NA
"3392",NA,NA
"3393",NA,NA
"3394",-98.8705717,30.2743349
"3395",153.1932534,-28.6104322
"3396",NA,NA
"3397",NA,NA
"3398",31.16558,48.379433
"3399",NA,NA
"3400",NA,NA
"3401",NA,NA
"3402",NA,NA
"3403",NA,NA
"3404",45.079162,23.885942
"3405",NA,NA
"3406",3.3792057,6.5243793
"3407",-3.7037902,40.4167754
"3408",NA,NA
"3409",NA,NA
"3410",-74.0091494,40.7015101
"3411",NA,NA
"3412",NA,NA
"3413",NA,NA
"3414",NA,NA
"3415",NA,NA
"3416",NA,NA
"3417",NA,NA
"3418",120.960515,23.69781
"3419",NA,NA
"3420",NA,NA
"3421",42.590275,11.825138
"3422",NA,NA
"3423",-118.032844,33.9791793
"3424",-97.4605759,32.673188
"3425",140.8721,38.2688373
"3426",NA,NA
"3427",-0.1277583,51.5073509
"3428",NA,NA
"3429",NA,NA
"3430",-95.712891,37.09024
"3431",NA,NA
"3432",NA,NA
"3433",-122.3320708,47.6062095
"3434",NA,NA
"3435",-106.4245478,31.6903638
"3436",-34.8828969,-8.0578381
"3437",NA,NA
"3438",-99.133208,19.4326077
"3439",-87.4052865,37.9444882
"3440",-118.2436849,34.0522342
"3441",-118.2436849,34.0522342
"3442",NA,NA
"3443",NA,NA
"3444",NA,NA
"3445",NA,NA
"3446",-97.7430608,30.267153
"3447",-119.7725868,36.7468422
"3448",-74.0059413,40.7127837
"3449",NA,NA
"3450",NA,NA
"3451",NA,NA
"3452",-99.1712821,19.4121597
"3453",NA,NA
"3454",-80.4549026,38.5976262
"3455",-117.1610838,32.715738
"3456",-84.3879824,33.7489954
"3457",NA,NA
"3458",NA,NA
"3459",NA,NA
"3460",NA,NA
"3461",NA,NA
"3462",NA,NA
"3463",NA,NA
"3464",NA,NA
"3465",NA,NA
"3466",NA,NA
"3467",121.774017,12.879721
"3468",NA,NA
"3469",-51.9330558,-23.4209995
"3470",-92.2895948,34.7464809
"3471",-97.7430608,30.267153
"3472",NA,NA
"3473",-79.9958864,40.4406248
"3474",-95.712891,37.09024
"3475",NA,NA
"3476",NA,NA
"3477",-88.2120315,41.632223
"3478",NA,NA
"3479",-74.0059413,40.7127837
"3480",-34.8828969,-8.0578381
"3481",NA,NA
"3482",NA,NA
"3483",NA,NA
"3484",-84.380956,33.9143169
"3485",NA,NA
"3486",NA,NA
"3487",NA,NA
"3488",NA,NA
"3489",NA,NA
"3490",NA,NA
"3491",NA,NA
"3492",NA,NA
"3493",12.4963655,41.9027835
"3494",11.3426163,44.494887
"3495",-99.1712821,19.4121597
"3496",NA,NA
"3497",NA,NA
"3498",NA,NA
"3499",-98.2318511,26.1035451
"3500",-53.1749726,-28.6243553
"3501",NA,NA
"3502",NA,NA
"3503",5.36978,43.296482
"3504",NA,NA
"3505",NA,NA
"3506",-111.705146,33.382742
"3507",NA,NA
"3508",NA,NA
"3509",NA,NA
"3510",NA,NA
"3511",NA,NA
"3512",NA,NA
"3513",NA,NA
"3514",NA,NA
"3515",NA,NA
"3516",-83.753428,9.748917
"3517",-122.4194155,37.7749295
"3518",NA,NA
"3519",-117.8861205,33.6774072
"3520",-58.3815591,-34.6036844
"3521",NA,NA
"3522",NA,NA
"3523",NA,NA
"3524",NA,NA
"3525",-85.207229,12.865416
"3526",-79.532157,43.8169837
"3527",NA,NA
"3528",-82.4571776,27.950575
"3529",NA,NA
"3530",-102.552784,23.634501
"3531",NA,NA
"3532",NA,NA
"3533",112.7520883,-7.2574719
"3534",NA,NA
"3535",-118.3574613,34.0979084
"3536",NA,NA
"3537",10.451526,51.165691
"3538",37.6173,55.755826
"3539",-119.4179324,36.778261
"3540",-115.138862,36.1691085
"3541",-48.374721,-1.3642722
"3542",112.7520883,-7.2574719
"3543",NA,NA
"3544",-79.0215336,-8.1090524
"3545",-74.0059413,40.7127837
"3546",-118.3182286,34.1015362
"3547",NA,NA
"3548",NA,NA
"3549",NA,NA
"3550",103.323713,3.8151823
"3551",-81.0998342,32.0835407
"3552",-88.89653,13.794185
"3553",-105.8700901,34.5199402
"3554",-79.532157,43.8169837
"3555",NA,NA
"3556",-1.1743197,52.3555177
"3557",-115.1466648,36.0971945
"3558",NA,NA
"3559",21.824312,39.074208
"3560",-117.0718893,32.7757217
"3561",5.36978,43.296482
"3562",-48.4901968,-1.4557794
"3563",-63.616672,-38.416097
"3564",NA,NA
"3565",NA,NA
"3566",-97.0403352,32.8998091
"3567",NA,NA
"3568",-1.1743197,52.3555177
"3569",80.9461592,26.8467088
"3570",NA,NA
"3571",NA,NA
"3572",NA,NA
"3573",NA,NA
"3574",NA,NA
"3575",-47.2147082,-22.8533412
"3576",-55.491477,-8.783195
"3577",-79.532157,43.8169837
"3578",-63.616672,-38.416097
"3579",NA,NA
"3580",NA,NA
"3581",NA,NA
"3582",NA,NA
"3583",NA,NA
"3584",-79.3831843,43.653226
"3585",7.2619532,43.7101728
"3586",-95.712891,37.09024
"3587",-74.0059413,40.7127837
"3588",-100.9472962,22.1098986
"3589",NA,NA
"3590",NA,NA
"3591",100.5017651,13.7563309
"3592",NA,NA
"3593",-74.0059413,40.7127837
"3594",78.96288,20.593684
"3595",-95.6349463,29.6196787
"3596",69.345116,30.375321
"3597",NA,NA
"3598",NA,NA
"3599",22.937506,-30.559482
"3600",106.822745,-6.1744651
"3601",NA,NA
"3602",NA,NA
"3603",-96.9226178,19.5300435
"3604",NA,NA
"3605",15.0830304,37.5078772
"3606",NA,NA
"3607",-6.8498129,33.9715904
"3608",-43.9344931,-19.9166813
"3609",2.213749,46.227638
"3610",NA,NA
"3611",NA,NA
"3612",NA,NA
"3613",-74.0059413,40.7127837
"3614",12.989615,41.6552418
"3615",NA,NA
"3616",-3.435973,55.378051
"3617",-43.9344931,-19.9166813
"3618",NA,NA
"3619",NA,NA
"3620",-3.8080783,53.0711149
"3621",NA,NA
"3622",151.2092955,-33.8688197
"3623",NA,NA
"3624",NA,NA
"3625",NA,NA
"3626",-75.0931123,40.9256446
"3627",29.8991736,31.1882552
"3628",NA,NA
"3629",NA,NA
"3630",113.921327,-0.789275
"3631",66.923684,48.019573
"3632",135.7680294,35.0116363
"3633",36.8219462,-1.2920659
"3634",NA,NA
"3635",2.3522219,48.856614
"3636",2.3522219,48.856614
"3637",139.6640574,36.2075371
"3638",NA,NA
"3639",-93.2991931,44.9522896
"3640",NA,NA
"3641",139.6917064,35.6894875
"3642",NA,NA
"3643",NA,NA
"3644",NA,NA
"3645",-61.222503,10.691803
"3646",18.4240553,-33.9248685
"3647",NA,NA
"3648",-95.712891,37.09024
"3649",NA,NA
"3650",-91.8318334,37.9642529
"3651",NA,NA
"3652",NA,NA
"3653",NA,NA
"3654",-119.4179324,36.778261
"3655",121.774017,12.879721
"3656",NA,NA
"3657",10.451526,51.165691
"3658",NA,NA
"3659",-73.1926854,41.1791991
"3660",NA,NA
"3661",-47.8821658,-15.7942287
"3662",NA,NA
"3663",NA,NA
"3664",-66.1057355,18.4655394
"3665",NA,NA
"3666",NA,NA
"3667",NA,NA
"3668",14.5282718,45.9588213
"3669",NA,NA
"3670",NA,NA
"3671",126.9779692,37.566535
"3672",NA,NA
"3673",-96.1342241,19.173773
"3674",-79.0178667,42.3587211
"3675",-1.1743197,52.3555177
"3676",-36.4968966,-8.8828551
"3677",NA,NA
"3678",NA,NA
"3679",4.3854625,51.0914213
"3680",NA,NA
"3681",-77.6109219,43.16103
"3682",-90.0715323,29.9510658
"3683",0.4850373,50.9160162
"3684",-0.1457257,51.4958639
"3685",2.213749,46.227638
"3686",-112.0740373,33.4483771
"3687",-100.9855409,22.1564699
"3688",NA,NA
"3689",NA,NA
"3690",72.8310607,21.1702401
"3691",NA,NA
"3692",NA,NA
"3693",-81.5157535,27.6648274
"3694",2.3522219,48.856614
"3695",121.774017,12.879721
"3696",NA,NA
"3697",14.6821048,36.9125163
"3698",NA,NA
"3699",-82.9987942,39.9611755
"3700",-102.552784,23.634501
"3701",-76.2874927,36.7682088
"3702",-73.0443904,-36.8201352
"3703",NA,NA
"3704",NA,NA
"3705",-122.840098,45.3565074
"3706",-116.419389,34.9592083
"3707",NA,NA
"3708",-95.712891,37.09024
"3709",-84.372268,33.734098
"3710",-83.0457538,42.331427
"3711",NA,NA
"3712",-90.69356,30.053694
"3713",NA,NA
"3714",-81.0998342,32.0835407
"3715",-74.4056612,40.0583238
"3716",NA,NA
"3717",-79.9958864,40.4406248
"3718",15.3943993,67.1014335
"3719",NA,NA
"3720",NA,NA
"3721",-0.1277583,51.5073509
"3722",-82.9000751,32.1656221
"3723",-55.491477,-8.783195
"3724",NA,NA
"3725",-81.4634245,28.5229956
"3726",-84.3879824,33.7489954
"3727",NA,NA
"3728",NA,NA
"3729",-74.4056612,40.0583238
"3730",-66.58973,6.42375
"3731",NA,NA
"3732",NA,NA
"3733",NA,NA
"3734",NA,NA
"3735",-74.0059413,40.7127837
"3736",-84.9617188,34.7598992
"3737",NA,NA
"3738",NA,NA
"3739",-80.5764477,37.1317924
"3740",NA,NA
"3741",NA,NA
"3742",-87.9304391,42.6970383
"3743",NA,NA
"3744",-112.0740373,33.4483771
"3745",-97.7430608,30.267153
"3746",-122.840098,45.3565074
"3747",NA,NA
"3748",NA,NA
"3749",NA,NA
"3750",8.6821267,50.1109221
"3751",-2.1575332,53.4106316
"3752",-3.74922,40.463667
"3753",NA,NA
"3754",-155.5827818,19.8967662
"3755",NA,NA
"3756",NA,NA
"3757",NA,NA
"3758",NA,NA
"3759",NA,NA
"3760",-78.6568942,37.4315734
"3761",-74.4056612,40.0583238
"3762",-1.1743197,52.3555177
"3763",-2.2426305,53.4807593
"3764",NA,NA
"3765",NA,NA
"3766",NA,NA
"3767",-122.2711137,37.8043637
"3768",NA,NA
"3769",NA,NA
"3770",NA,NA
"3771",-95.712891,37.09024
"3772",-77.0368707,38.9071923
"3773",NA,NA
"3774",NA,NA
"3775",NA,NA
"3776",-74.0059413,40.7127837
"3777",37.6173,55.755826
"3778",-122.2605222,37.5071591
"3779",NA,NA
"3780",-102.552784,23.634501
"3781",NA,NA
"3782",-71.0588801,42.3600825
"3783",-81.5157535,27.6648274
"3784",NA,NA
"3785",-95.712891,37.09024
"3786",NA,NA
"3787",NA,NA
"3788",NA,NA
"3789",NA,NA
"3790",-95.3698028,29.7604267
"3791",NA,NA
"3792",-71.4774291,41.5800945
"3793",-84.3879824,33.7489954
"3794",NA,NA
"3795",NA,NA
"3796",-115.1398296,36.1699412
"3797",-118.2436849,34.0522342
"3798",NA,NA
"3799",NA,NA
"3800",-93.0899578,44.9537029
"3801",69.345116,30.375321
"3802",NA,NA
"3803",-74.0059413,40.7127837
"3804",NA,NA
"3805",-96.7969879,32.7766642
"3806",-95.712891,37.09024
"3807",-118.2436849,34.0522342
"3808",-123.0867536,44.0520691
"3809",-74.0059413,40.7127837
"3810",-80.779721,35.200988
"3811",NA,NA
"3812",-84.3879824,33.7489954
"3813",-115.1560309,36.147247
"3814",NA,NA
"3815",-80.8431267,35.2270869
"3816",24.96676,45.943161
"3817",-119.4179324,36.778261
"3818",NA,NA
"3819",NA,NA
"3820",NA,NA
"3821",-80.8431267,35.2270869
"3822",-80.8431267,35.2270869
"3823",-82.9000751,32.1656221
"3824",-113.4909267,53.544389
"3825",NA,NA
"3826",-81.1637245,33.836081
"3827",NA,NA
"3828",-95.712891,37.09024
"3829",NA,NA
"3830",NA,NA
"3831",NA,NA
"3832",NA,NA
"3833",NA,NA
"3834",NA,NA
"3835",-80.2962555,26.007765
"3836",-73.2185286,42.8677544
"3837",-71.9282781,41.5961439
"3838",-73.087749,41.6032207
"3839",-73.087749,41.6032207
"3840",-95.712891,37.09024
"3841",-73.087749,41.6032207
"3842",-82.6290459,36.933433
"3843",-95.712891,37.09024
"3844",-119.7725868,36.7468422
"3845",NA,NA
"3846",-76.7971913,39.9781532
"3847",-84.3879824,33.7489954
"3848",19.040235,47.497912
"3849",NA,NA
"3850",-72.6040275,41.7787372
"3851",NA,NA
"3852",NA,NA
"3853",NA,NA
"3854",-73.9441579,40.6781784
"3855",-3.435973,55.378051
"3856",8.227512,46.818188
"3857",-0.4448669,39.4825816
"3858",-84.3879824,33.7489954
"3859",-105.7820674,39.5500507
"3860",-87.6297982,41.8781136
"3861",NA,NA
"3862",NA,NA
"3863",NA,NA
"3864",NA,NA
"3865",-69.875795,44.8269727
"3866",-82.7717684,28.0197404
"3867",NA,NA
"3868",6.7734556,51.2277411
"3869",NA,NA
"3870",NA,NA
"3871",-119.4179324,36.778261
"3872",-71.0588801,42.3600825
"3873",-122.3320708,47.6062095
"3874",NA,NA
"3875",NA,NA
"3876",-75.6138981,40.5583972
"3877",-82.9000751,32.1656221
"3878",-114.0708459,51.0486151
"3879",-80.752608,32.216316
"3880",NA,NA
"3881",-84.3615555,34.0232431
"3882",-111.8412502,33.3061605
"3883",NA,NA
"3884",-80.1917902,25.7616798
"3885",-85.3096801,35.0456297
"3886",-84.3879824,33.7489954
"3887",-71.5642076,41.6885978
"3888",NA,NA
"3889",-118.2436849,34.0522342
"3890",-75.1652215,39.9525839
"3891",NA,NA
"3892",-111.8900831,40.5266854
"3893",NA,NA
"3894",-112.4337909,42.8602156
"3895",39.2279583,21.5646891
"3896",NA,NA
"3897",-82.5306527,27.3364347
